Date,future_median,future_p25,future_p75
2025-11-14,0.0002095155234170911,0.000198606176044224,0.00021955200168066171
2025-11-15,0.0002087250321883007,0.00019635784625291397,0.0002224885054799451
2025-11-16,0.00020906064589705888,0.00019500406893144647,0.00022714235304519798
2025-11-17,0.00020779185239824745,0.00019159445065464466,0.0002296506915154703
2025-11-18,0.00020723158986820403,0.00018787778548099598,0.00023091991922496617
2025-11-19,0.00020721517648388075,0.00018483130632735874,0.00023370310702171745
2025-11-20,0.00020726353639590457,0.00017989677156945693,0.00023392388497195382
2025-11-21,0.00020406506703625623,0.00017961675545886285,0.00023541500215438729
2025-11-22,0.00020248293790700285,0.00017700705546615637,0.00023411451090998546
2025-11-23,0.0002025054106851342,0.0001728278931738334,0.00023300495783245114
2025-11-24,0.00019897355186188932,0.0001701662997206386,0.00024006135229613523
2025-11-25,0.00019699276294389475,0.00016663408434668334,0.00023812647691208956
2025-11-26,0.0001978288442056773,0.00016387738141873065,0.00023595879441607267
2025-11-27,0.00019491805206520938,0.00016267235103012916,0.00023386971938235782
2025-11-28,0.00019343443039942766,0.00015977392360164074,0.00023494669806290832
2025-11-29,0.00019307491753144508,0.00015470409578548808,0.0002358879371879628
2025-11-30,0.00019273935888645095,0.00015710341156617905,0.0002369310067245795
2025-12-01,0.0001889689893993293,0.00015501794270610472,0.00024060086984548809
2025-12-02,0.00018603246941719967,0.0001530208137193032,0.00023951720244651533
2025-12-03,0.0001881848011468684,0.0001530879201900641,0.00023751840789689628
2025-12-04,0.00018574603911751113,0.00015242200423176016,0.0002393491115360649
2025-12-05,0.0001852347705991517,0.00015046632486229153,0.00023470577664821558
2025-12-06,0.00018372117899143642,0.00014754506239997224,0.00023545882613718765
2025-12-07,0.00018357644460106914,0.0001466617261666151,0.00023446074797190986
2025-12-08,0.00018428462373120368,0.0001447107744374108,0.00023202354253524246
2025-12-09,0.00018342542808617854,0.0001459753938484025,0.00023295119581544943
2025-12-10,0.00018201079710316112,0.000145508578219736,0.0002394282059659287
2025-12-11,0.0001835036476551475,0.00014491423161552995,0.0002399272456535195
2025-12-12,0.00018639100860100044,0.00014233189305900857,0.0002355349618938157
2025-12-13,0.0001841851617866629,0.00014308991182835693,0.00024155192718455646
2025-12-14,0.00018646154038192157,0.00013731163815301555,0.00024241127630016175
2025-12-15,0.0001809530790489896,0.00013801398466231895,0.00024027191673078107
2025-12-16,0.00018107204672579484,0.00013747599521301475,0.00024637569345732846
2025-12-17,0.00018141366443219194,0.00013574207054566637,0.00024281308332375375
2025-12-18,0.00018254014532833386,0.00013334319750032026,0.00024154112373800553
2025-12-19,0.00018266629405709096,0.00013128745210963592,0.00024215099858143751
2025-12-20,0.00018587275453106535,0.0001314667344038884,0.00024601106317328873
2025-12-21,0.00018201212332897253,0.00013024886413628381,0.00024261466358364744
2025-12-22,0.0001803277027735157,0.00013059322517014295,0.00024635493134216263
2025-12-23,0.0001820527584475061,0.000128421738078385,0.0002509792767041657
2025-12-24,0.00017997753354311125,0.00012831467839091775,0.00024878683766200256
2025-12-25,0.00017709277558239402,0.0001255294700191972,0.00025032699542890417
2025-12-26,0.00017977217014933296,0.00012293564021666876,0.00024185439974525782
2025-12-27,0.0001774486201917047,0.00012467130122567567,0.0002452358306561491
2025-12-28,0.0001775949738249026,0.00012272871973171532,0.00024072064119629448
2025-12-29,0.00017815848508488,0.00012124565946873913,0.00023832425255096535
2025-12-30,0.00017316334430336007,0.00012145079154806972,0.00024235328835931806
2025-12-31,0.00017309455728455023,0.00011956900717058783,0.00023756880249481025
2026-01-01,0.00017054263261280373,0.00011899126907761323,0.00024277615987204837
2026-01-02,0.00016978964768465336,0.000118071939437632,0.00024622089760146463
2026-01-03,0.00017046200678677098,0.00011475884793414744,0.00024226389771074978
2026-01-04,0.00017208747940188833,0.00011417363783000408,0.00024084540478646878
2026-01-05,0.000173108142532087,0.00011487697397569478,0.00024160406132688996
2026-01-06,0.00017114596640923756,0.00011679280867696445,0.00024046039849484678
2026-01-07,0.00016829726404036464,0.00011234873747490916,0.00024178894834610802
2026-01-08,0.00016635713703618617,0.00011137106916563756,0.00023905050293101388
2026-01-09,0.00016810233650156668,0.00011148614463002197,0.00024175242585613868
2026-01-10,0.0001641563204113207,0.00010898729330429199,0.00024163138582160502
2026-01-11,0.0001650355690880614,0.0001072454471304882,0.0002464643730626144
2026-01-12,0.00016564487798069008,0.00010811314685955028,0.000242690209358717
2026-01-13,0.0001641426956549941,0.0001093541635337468,0.00023760300101644804
2026-01-14,0.00016303402126652153,0.00010683324507319405,0.0002381245587666003
2026-01-15,0.00016268159842323037,0.00010503712000365598,0.0002385867141940748
2026-01-16,0.00016016035246452448,0.00010344008134615906,0.00024329235744252953
2026-01-17,0.00016235002599940826,0.00010516534932410094,0.00023913462761864372
2026-01-18,0.0001580408757456581,0.00010183468909702689,0.00023961798585951416
2026-01-19,0.00015832736056586725,0.00010124924353051745,0.0002381035605202201
2026-01-20,0.00015630284242183583,9.962291508740866e-05,0.0002377852809009839
2026-01-21,0.00015359679574375695,9.927903005991492e-05,0.00023564851813345918
2026-01-22,0.00015418382678305913,0.00010040204688218561,0.00023479389275653898
2026-01-23,0.00015131152508143255,9.963423965223793e-05,0.00023066477937795724
2026-01-24,0.0001537105917329559,9.66009694900027e-05,0.00023079820672412024
2026-01-25,0.00015676739868162855,9.378403613003426e-05,0.00022769313189228594
2026-01-26,0.00015860496425419888,9.575829921326801e-05,0.00022939528763883142
2026-01-27,0.00015544833136666418,9.754005512381875e-05,0.00022830691465050017
2026-01-28,0.00015154170588703236,9.547589161822557e-05,0.00022608706901630545
2026-01-29,0.00015258816723850245,9.563922983354768e-05,0.00022243951608857192
2026-01-30,0.0001499261147241824,9.72855274572434e-05,0.0002245363697870676
2026-01-31,0.0001481226308345043,9.673766175867839e-05,0.00022646637137350883
2026-02-01,0.0001502863825259839,9.491529532801188e-05,0.00022903452162406228
2026-02-02,0.00015024244808402846,9.604407249222071e-05,0.00022827672074099043
2026-02-03,0.0001485449414938375,9.76161537784828e-05,0.00022268426297862568
2026-02-04,0.00014702266333299857,9.455002414980033e-05,0.00022070585657013635
2026-02-05,0.00014534533733896824,9.280169170896579e-05,0.00022653390800321454
2026-02-06,0.000147254204660988,9.105191376206544e-05,0.00022309147137520688
2026-02-07,0.0001466735703624837,9.099283762450095e-05,0.0002206252949828821
2026-02-08,0.00014535892303673564,8.937087906477672e-05,0.00023020460667321974
2026-02-09,0.00014657739077605767,9.121314985159871e-05,0.00022393270819271206
2026-02-10,0.00014447600184209835,9.238601844705965e-05,0.00022865987119196997
2026-02-11,0.00014375630183784845,8.893216014323817e-05,0.00022689064320487084
2026-02-12,0.0001451212603837353,8.896532027671136e-05,0.00022408815760662762
2026-02-13,0.00014603909160449449,8.716732353285692e-05,0.00022727363193125136
2026-02-14,0.0001467685100384096,8.640061397081913e-05,0.0002260381675815939
2026-02-15,0.00014378224515052213,8.687201484276642e-05,0.000229239213367735
2026-02-16,0.00014182477216593786,8.586404225844383e-05,0.00022884036532518271
2026-02-17,0.00013870370436603303,8.44273557911047e-05,0.00022787746241421014
2026-02-18,0.00013485004983555582,8.565041272943831e-05,0.00022472867783312757
2026-02-19,0.00013707179931011539,8.391246884200093e-05,0.0002230385067280203
2026-02-20,0.00013409570253295375,8.481750363483974e-05,0.00022663406937227485
2026-02-21,0.0001344372583551372,8.698437289420859e-05,0.0002249489957947766
2026-02-22,0.00013620202569165294,8.437642056921289e-05,0.00022785520298866847
2026-02-23,0.00013587423772694123,8.169544977367244e-05,0.00022322939476198184
2026-02-24,0.0001365764011720373,8.281842861161599e-05,0.00022149724491283486
2026-02-25,0.0001328351940671681,8.2509558935789e-05,0.00021840095575062106
2026-02-26,0.00012933348654877848,8.161063201970639e-05,0.00022328369658234333
2026-02-27,0.00012783288396479625,8.046707056699103e-05,0.0002221107011459589
2026-02-28,0.00012939788179584577,8.27412532113078e-05,0.00021478906234513806
2026-03-01,0.00013153986521574038,8.130459149834303e-05,0.0002121969725024267
2026-03-02,0.00012790090949899366,8.003002922211647e-05,0.0002122466555632906
2026-03-03,0.0001314914922754125,8.157636173634884e-05,0.0002134878049581997
2026-03-04,0.000126932544938605,7.876359526083954e-05,0.00021425166185179791
2026-03-05,0.0001291441047671287,7.746169858983692e-05,0.0002117833039367911
2026-03-06,0.00012618468558400016,7.670401553188351e-05,0.0002110098284980457
2026-03-07,0.00012751179627540983,7.704174701717044e-05,0.00021514031538186332
2026-03-08,0.0001273405687971429,7.58795882446848e-05,0.0002141147504607025
2026-03-09,0.0001234919918454708,7.550488567848043e-05,0.00021598852856891202
2026-03-10,0.00012593307093164711,7.735238469499304e-05,0.00021115856221522934
2026-03-11,0.0001237978090172295,7.461835823905964e-05,0.0002121767516838316
2026-03-12,0.0001257275729301107,7.52238370052459e-05,0.00020732888796807825
2026-03-13,0.0001261684994490155,7.534348429538453e-05,0.00020837548612070357
2026-03-14,0.0001251829738904772,7.552058783854002e-05,0.00021478956094312656
2026-03-15,0.0001258987564377261,7.351138745606816e-05,0.00021094281252817483
2026-03-16,0.00012313228348356093,7.410251318722639e-05,0.0002126853958525518
2026-03-17,0.0001228878519374404,7.440719593389446e-05,0.00021145826751533557
2026-03-18,0.0001246196267646046,7.501809903773574e-05,0.0002100097490860409
2026-03-19,0.00012680456552455123,7.390312038079478e-05,0.0002118807902776652
2026-03-20,0.00012359491053072524,7.330685510192496e-05,0.00021214564619967836
2026-03-21,0.0001250590868215839,7.279167523144437e-05,0.0002057113480816564
2026-03-22,0.00012518696288837337,7.095636832994784e-05,0.00020674656554999773
2026-03-23,0.00012460668577410626,7.088201235299285e-05,0.00020782407505409836
2026-03-24,0.00012234219501539462,7.047769562241779e-05,0.0002045011597668921
2026-03-25,0.00012347772982837908,7.139149018431342e-05,0.0002023986078362656
2026-03-26,0.00012224693193513796,7.280581742891601e-05,0.00020589055917302236
2026-03-27,0.00012066753577751093,7.00442687590968e-05,0.0002092086543586434
2026-03-28,0.00011654873472124649,7.082599705514724e-05,0.00020811000884781778
2026-03-29,0.00012234861583973298,6.750127985963777e-05,0.00021036333936457613
2026-03-30,0.00011992291448795133,6.878337975172363e-05,0.00020483482931375266
2026-03-31,0.00012081618022759355,6.659704443809827e-05,0.0002026371012546342
2026-04-01,0.00011864904549355063,6.775192431803138e-05,0.00020574696205034797
2026-04-02,0.00011785455688737687,6.699368183844082e-05,0.00020629536697672435
2026-04-03,0.00011998156610667464,6.505527383660543e-05,0.0002016042392967661
2026-04-04,0.00011742638716283999,6.493641976855125e-05,0.00020691803544874791
2026-04-05,0.00011788656407576696,6.391174130161592e-05,0.00020285754046818865
2026-04-06,0.00011817434124794247,6.309753537020662e-05,0.00019128317604372733
2026-04-07,0.00011630197495444579,6.327916336757937e-05,0.00019665846497424086
2026-04-08,0.00011499093095048545,6.439299737605897e-05,0.00020016199123435203
2026-04-09,0.00011258178456046653,6.319904248716354e-05,0.00020343880970550028
2026-04-10,0.00011112253474380002,6.413102424770942e-05,0.00020100913334724222
2026-04-11,0.00011241312323855758,6.0088417540373605e-05,0.000198117860387879
2026-04-12,0.00011167322807120768,6.13231878308113e-05,0.0002033754621107099
2026-04-13,0.00011154497095587109,6.0908983866755766e-05,0.00020280405726233062
2026-04-14,0.00011076798787034112,5.9122169117710525e-05,0.00020678104969191238
2026-04-15,0.00010946821822424921,5.822386400605281e-05,0.00020479741052649891
2026-04-16,0.000108147507441525,5.904245957985202e-05,0.00020095234629624413
2026-04-17,0.00010796071573800228,5.782814133970642e-05,0.00020182641774614042
2026-04-18,0.00010580735781445715,5.6431366998710267e-05,0.00019876182266510763
2026-04-19,0.00010438999018543014,5.572455543627463e-05,0.00019627359663872495
2026-04-20,0.00010628571369420245,5.576356872283812e-05,0.0001937937001364438
2026-04-21,0.00010630735975082625,5.44765517957796e-05,0.00019484202893486644
2026-04-22,0.00010530684885297353,5.4374510035029034e-05,0.00019611568699814263
2026-04-23,0.0001053886472818105,5.3973968603371304e-05,0.00019661090996978288
2026-04-24,0.00010595509212572358,5.3904119672584014e-05,0.00019238702539726063
2026-04-25,0.0001075676800184476,5.336663871666803e-05,0.00019197973292175267
2026-04-26,0.000107491250385351,5.447800765771983e-05,0.00019399919412036682
2026-04-27,0.0001056946367012758,5.277667930344524e-05,0.00018859106748686
2026-04-28,0.00010293079849211988,5.305161724482224e-05,0.0001917832828507982
2026-04-29,0.00010515652678120647,5.2046147810979896e-05,0.00019109635680955093
2026-04-30,0.00010381742047985628,5.127500943186658e-05,0.00019595672011709085
2026-05-01,0.0001051874904284246,5.1511578344940097e-05,0.000196599801224497
2026-05-02,0.00010599165808062382,5.1387153926812636e-05,0.00019837071014503356
2026-05-03,0.00010511495891540881,5.064635994548947e-05,0.00019460586060801043
2026-05-04,0.00010381226241531303,5.155549330416995e-05,0.00019292970197418304
2026-05-05,0.00010259751073282368,5.036418322853802e-05,0.00019574088790084927
2026-05-06,0.00010282136390536359,5.269199504057408e-05,0.0001914231352942243
2026-05-07,0.00010484873788809876,5.0567036507818306e-05,0.0001889921568154032
2026-05-08,0.00010276525346042723,5.086953432851324e-05,0.00019221934835609607
2026-05-09,0.00010197994419804883,4.926806293742851e-05,0.0001848463215770234
2026-05-10,0.0001031978156563424,4.9261648898425656e-05,0.0001864089473687201
2026-05-11,0.00010194877211731551,4.78290160211539e-05,0.00018549873026363483
2026-05-12,9.93052615895151e-05,4.8003997057644964e-05,0.0001859650220014771
2026-05-13,0.00010059146137806959,4.920763640770181e-05,0.0001889957239290922
2026-05-14,0.00010046811190851434,4.981427567528842e-05,0.00019283206087927567
2026-05-15,9.909740820317371e-05,4.944595937152359e-05,0.00019235135005354954
2026-05-16,9.91446213401266e-05,4.9684397156681044e-05,0.0001918337765172375
2026-05-17,9.809172040768066e-05,4.998390878369862e-05,0.0001853462037733685
2026-05-18,9.712526986345948e-05,4.939706966055155e-05,0.00018695635939951533
2026-05-19,9.555720456466045e-05,4.861102870929969e-05,0.00018318575254251977
2026-05-20,9.50950749384588e-05,4.8638773763803976e-05,0.00017695055058277476
2026-05-21,9.594518279809376e-05,4.899791634774622e-05,0.000180068680097294
2026-05-22,9.714155203406532e-05,4.779084269761394e-05,0.00017893644267729842
2026-05-23,9.517024493219911e-05,4.8075618685715706e-05,0.00017960538253571984
2026-05-24,9.549619075163821e-05,4.691423446930983e-05,0.0001778837392885987
2026-05-25,9.17193514350852e-05,4.696691923019875e-05,0.0001723752555805345
2026-05-26,9.094226742826664e-05,4.6093674626070794e-05,0.00016990559079431942
2026-05-27,9.185133397948567e-05,4.549857732960063e-05,0.00016973201809995743
2026-05-28,9.251618992518844e-05,4.5988579397013475e-05,0.0001672311839548531
2026-05-29,9.29991013212939e-05,4.528202027010055e-05,0.00016891601825560525
2026-05-30,9.163315497091087e-05,4.437046146175686e-05,0.0001684520527478943
2026-05-31,8.807291667528229e-05,4.4963846519310496e-05,0.000169856130127115
2026-06-01,8.630169580756066e-05,4.597435700668215e-05,0.00017117868345778805
2026-06-02,8.949897075614539e-05,4.4413033469209754e-05,0.0001752936644998373
2026-06-03,8.790970511413245e-05,4.297726306677253e-05,0.00018000009712906503
2026-06-04,8.820892325953314e-05,4.291527326436828e-05,0.00017218363842459315
2026-06-05,8.850824217259261e-05,4.311340405418328e-05,0.00017147479757645358
2026-06-06,8.758287501897457e-05,4.347970811472861e-05,0.00017638881712052362
2026-06-07,8.621373998285518e-05,4.316337676433924e-05,0.00018032010005814236
2026-06-08,8.585707946029775e-05,4.284296106131229e-05,0.00017724614298772015
2026-06-09,8.472689026172667e-05,4.27690330714272e-05,0.00017444478642844805
2026-06-10,8.463994116919385e-05,4.2591066276965e-05,0.00017620758260257803
2026-06-11,8.414897102041392e-05,4.222612424223035e-05,0.00017422196037732921
2026-06-12,8.584707463413764e-05,4.157481339128975e-05,0.00017583788898561104
2026-06-13,8.466385212682116e-05,4.109136488767477e-05,0.00017890044515128867
2026-06-14,8.37776134686329e-05,4.2221351216818874e-05,0.00018032301443688385
2026-06-15,8.257706402244966e-05,4.212899254305081e-05,0.00017851780834730082
2026-06-16,8.601428575495296e-05,4.077271377981613e-05,0.00017459911373167246
2026-06-17,8.45692774305515e-05,4.073162765129252e-05,0.00017229913311362814
2026-06-18,8.353874375573128e-05,4.2179512978037276e-05,0.0001731410838376376
2026-06-19,8.163690158237243e-05,4.177100885332516e-05,0.00016966617377297812
2026-06-20,8.214713750063177e-05,4.1611814248892004e-05,0.0001708548235247067
2026-06-21,8.087508811261126e-05,4.1718152529973836e-05,0.00017056845389641938
2026-06-22,8.001322422320911e-05,3.986595301586926e-05,0.00016767487766787884
2026-06-23,7.922228566289958e-05,4.0831758038297507e-05,0.0001692115448860198
2026-06-24,7.945799116772256e-05,4.024967020888973e-05,0.00017461721273229734
2026-06-25,8.124863265954231e-05,3.947739073310771e-05,0.00017264479877475238
2026-06-26,7.986414395398889e-05,4.04743519726559e-05,0.00017268138651454666
2026-06-27,7.918806265958442e-05,3.981060884020762e-05,0.00016998752252745622
2026-06-28,7.644974989556032e-05,4.0124774417696844e-05,0.00017270260138968084
2026-06-29,7.855283074182179e-05,4.138908921541077e-05,0.0001722573999980525
2026-06-30,7.668906157614407e-05,4.141922698032175e-05,0.00017240201849371567
2026-07-01,7.606788415512198e-05,4.036322140547521e-05,0.00017076024358515628
2026-07-02,7.836713352330318e-05,3.9874976929654595e-05,0.0001672009656627558
2026-07-03,7.874223048313525e-05,3.939433882422951e-05,0.00017226112270147056
2026-07-04,7.715220573437337e-05,4.104325160069634e-05,0.00017111932563542115
2026-07-05,7.744419025025137e-05,4.121919360164992e-05,0.00016725877984043834
2026-07-06,7.695290099208276e-05,3.9580740722008074e-05,0.0001665191314574046
2026-07-07,7.668980082906673e-05,3.992882325515327e-05,0.0001590759099965763
2026-07-08,7.542777822637053e-05,4.012940490843409e-05,0.00016193751483512255
2026-07-09,7.658411393528979e-05,3.883965934954313e-05,0.00015782542031581847
2026-07-10,7.703789600017365e-05,3.8638136990611805e-05,0.0001531212575406914
2026-07-11,7.681474599730187e-05,3.802230062175315e-05,0.00015482668550115738
2026-07-12,7.664163618758219e-05,3.8105643049848764e-05,0.00015625587996530323
2026-07-13,7.552354666704968e-05,3.673994739111254e-05,0.0001570991817234695
2026-07-14,7.484746747452355e-05,3.612284442757939e-05,0.00015661126987635837
2026-07-15,7.403533236651259e-05,3.535395027789832e-05,0.00015486851691764197
2026-07-16,7.650155199039575e-05,3.556695029597521e-05,0.00015615679506288433
2026-07-17,7.159538554516397e-05,3.512315610962955e-05,0.00015439885240399812
2026-07-18,7.116823802189818e-05,3.512774942196499e-05,0.00015539848568729554
2026-07-19,7.112160128709048e-05,3.456130574848103e-05,0.00015452827355910822
2026-07-20,7.082653743450861e-05,3.587598486569323e-05,0.00015525886091028989
2026-07-21,6.949095708736592e-05,3.377321197648908e-05,0.00015497885193549392
2026-07-22,7.122850014547059e-05,3.472403320226101e-05,0.00015381411496121815
2026-07-23,7.303088280577124e-05,3.472190672051634e-05,0.00015592938499779646
2026-07-24,7.157396469000355e-05,3.3968022772571125e-05,0.0001521471875029644
2026-07-25,7.079761922669864e-05,3.294631082015247e-05,0.00015633091675742569
2026-07-26,6.95263324404884e-05,3.276076225684269e-05,0.0001582682083378076
2026-07-27,6.848886450775442e-05,3.3975458765696987e-05,0.00015107515116913447
2026-07-28,6.996172219365506e-05,3.3690675896013194e-05,0.00015018159757206116
2026-07-29,6.710944345087019e-05,3.33839724303797e-05,0.00015327055523145058
2026-07-30,6.858870870312222e-05,3.3583618082729366e-05,0.00015186251049693049
2026-07-31,6.816510367902902e-05,3.223111925684536e-05,0.0001510896037443275
2026-08-01,6.782554617936948e-05,3.1850190037544805e-05,0.00015406167840397009
2026-08-02,6.848373759850207e-05,3.1571208116001036e-05,0.00015495010897651723
2026-08-03,6.814407284669576e-05,3.143542049967837e-05,0.00015541919779523205
2026-08-04,6.749842655749824e-05,3.168690170477069e-05,0.000151867570449177
2026-08-05,6.847235722364489e-05,3.160581526926663e-05,0.00015016379479403547
2026-08-06,7.039375799446041e-05,3.087471332586176e-05,0.0001508160909346744
2026-08-07,6.835705115578766e-05,3.141640401159036e-05,0.00015081083196896808
2026-08-08,6.70578743249e-05,3.112772423409312e-05,0.00014923494026269655
2026-08-09,6.552600441857829e-05,3.134180097388282e-05,0.00015153492682318758
2026-08-10,6.638487166431544e-05,3.148683267027732e-05,0.00015678869046204395
2026-08-11,6.665532437754025e-05,3.067124968618669e-05,0.00015209136583714398
2026-08-12,6.506863173077229e-05,3.095542561028144e-05,0.00014942001686542547
2026-08-13,6.563056822403093e-05,3.118292267607491e-05,0.00014459690127202336
2026-08-14,6.637464828375482e-05,3.1482236019580664e-05,0.00014164929097893735
2026-08-15,6.71644940736117e-05,3.12197978042917e-05,0.0001432903790668838
2026-08-16,6.724895772695062e-05,3.0924210350716525e-05,0.00014695021871478266
2026-08-17,6.69148010962426e-05,3.101634452003823e-05,0.00014739079263480822
2026-08-18,6.596469130036281e-05,3.1255934209044174e-05,0.0001445275397586425
2026-08-19,6.608075083469579e-05,3.107523819668759e-05,0.00014797145716394247
2026-08-20,6.691996339545964e-05,3.077039209398453e-05,0.00014657986168249712
2026-08-21,6.513370231753558e-05,2.9785235846709967e-05,0.00014648030630717168
2026-08-22,6.68958351292791e-05,2.957412802265466e-05,0.00013906992000651313
2026-08-23,6.492393219176642e-05,2.835826479878422e-05,0.00013885294475383798
2026-08-24,6.655427050669623e-05,2.839926699865881e-05,0.00013515312944133753
2026-08-25,6.520239477227034e-05,2.8223260875016143e-05,0.00013327116125108653
2026-08-26,6.411050865991102e-05,2.8942151349477467e-05,0.0001355712517457207
2026-08-27,6.40954494031624e-05,2.9075706036874448e-05,0.00013736488423381565
2026-08-28,6.20323519346588e-05,2.8519337830592435e-05,0.00013851168137657738
2026-08-29,6.111562756207166e-05,2.7976721562319166e-05,0.000138916820777972
2026-08-30,6.172571630015715e-05,2.7104977563862517e-05,0.00013692565943222742
2026-08-31,6.0340068156051334e-05,2.669300785920081e-05,0.00013388756467886252
2026-09-01,5.902448329085411e-05,2.6796471591463697e-05,0.00013504251189623453
2026-09-02,5.881943579376403e-05,2.6460454269251553e-05,0.00013967355861050384
2026-09-03,5.8775780555681754e-05,2.6392494322521763e-05,0.00013533309735907391
2026-09-04,6.043932085150972e-05,2.5764194360431774e-05,0.0001356946732837074
2026-09-05,6.0687380256694036e-05,2.4909528478715455e-05,0.00013082231495521474
2026-09-06,5.936242562233793e-05,2.570351849539924e-05,0.00013090313417870884
2026-09-07,5.9746986869156334e-05,2.5194911064277127e-05,0.00013317181451427877
2026-09-08,5.920423400654511e-05,2.5600190285168968e-05,0.00013302867480383904
2026-09-09,5.9479437508695726e-05,2.6598732823336985e-05,0.0001310180669252209
2026-09-10,5.943459361583169e-05,2.6038784828955003e-05,0.00013259212534219656
2026-09-11,6.110468529002178e-05,2.5472973971507242e-05,0.00013545202278332437
2026-09-12,5.933410479461344e-05,2.4665156686021283e-05,0.00013225223558158906
2026-09-13,6.003951666944235e-05,2.5549059266982332e-05,0.0001293472401052197
2026-09-14,5.80863383799285e-05,2.596307334205732e-05,0.00012914377553966894
2026-09-15,5.794678305643727e-05,2.4707668111879842e-05,0.0001233321674144513
2026-09-16,5.765855170177914e-05,2.5084713907287045e-05,0.00012614160751436024
2026-09-17,5.730746770264107e-05,2.423049931141914e-05,0.00012420037370314922
2026-09-18,5.8922291651275656e-05,2.4729643924689997e-05,0.00012749691475246873
2026-09-19,6.0212137981105754e-05,2.4678465503040733e-05,0.00012427744601103055
2026-09-20,5.958940876599294e-05,2.562762232546095e-05,0.00012640549143238655
2026-09-21,5.652733235580639e-05,2.532868785193393e-05,0.000124721903709324
2026-09-22,5.731970423411529e-05,2.5578565301608853e-05,0.00012659953747016218
2026-09-23,5.6574663317688514e-05,2.583481294290708e-05,0.0001280548261872014
2026-09-24,5.6802210094063704e-05,2.5341245049547863e-05,0.00012844307982257938
2026-09-25,5.6736352817503234e-05,2.5811968140597354e-05,0.00012535498838426237
2026-09-26,5.627985271287441e-05,2.597963129251276e-05,0.00012824068475013003
2026-09-27,5.613914772217271e-05,2.542134263891668e-05,0.00012566560277415954
2026-09-28,5.6254396748888524e-05,2.5337939113620437e-05,0.00012622060450679954
2026-09-29,5.5531506033194156e-05,2.5025910277057566e-05,0.0001288054773492578
2026-09-30,5.4665735786351287e-05,2.3924773819543497e-05,0.0001220148141906491
2026-10-01,5.420109609251237e-05,2.384385584199236e-05,0.00012208028058964513
2026-10-02,5.366294892873334e-05,2.3862650747148394e-05,0.00012460168164317065
2026-10-03,5.3114131534912756e-05,2.283128472258862e-05,0.00012270524853112767
2026-10-04,5.429199563803892e-05,2.2629179305455452e-05,0.00012265816193625132
2026-10-05,5.31787358586623e-05,2.3286433883958852e-05,0.00012369639995737287
2026-10-06,5.2464804584368326e-05,2.326152711529855e-05,0.0001280989496977618
2026-10-07,5.207453984206533e-05,2.3248352491097852e-05,0.00012635451339204883
2026-10-08,5.174906148329386e-05,2.2568362816607752e-05,0.00011992436472169738
2026-10-09,5.045632694598022e-05,2.279160739833978e-05,0.00012148257933146065
2026-10-10,5.023607855386359e-05,2.1833026981905865e-05,0.00012484395743208654
2026-10-11,4.983787715028725e-05,2.0989656168250165e-05,0.00011826019768937444
2026-10-12,4.888162984265648e-05,2.091486475089828e-05,0.00012276286083382054
2026-10-13,4.9797154149846246e-05,2.1391657858202896e-05,0.00012040652939475653
2026-10-14,5.058999827513436e-05,2.1221244552282707e-05,0.00011899507571937033
2026-10-15,5.000749808446316e-05,2.0726391376664493e-05,0.00011408225495200197
2026-10-16,4.741214793584079e-05,2.079345450343727e-05,0.00011744780205872357
2026-10-17,4.882397433444769e-05,2.0343946756437304e-05,0.00011942317089435742
2026-10-18,4.8287265557141374e-05,1.9841605409250708e-05,0.00011909381803560722
2026-10-19,4.783893843710968e-05,2.0641422864407333e-05,0.00011725816424741961
2026-10-20,4.942512196034389e-05,2.0488091634369388e-05,0.00012078534546004473
2026-10-21,4.759224286213187e-05,2.0052149155242204e-05,0.00011551851411900029
2026-10-22,4.728297758314643e-05,1.9209028340814408e-05,0.00011668876769061665
2026-10-23,4.7789209674672575e-05,1.910364339347821e-05,0.00011114340654218142
2026-10-24,4.663765527724523e-05,1.8878697890494714e-05,0.00011149376745009521
2026-10-25,4.718605503486827e-05,1.9231413823350356e-05,0.00011068618172336984
2026-10-26,4.752765191694081e-05,1.9311892063989685e-05,0.00011417078343535922
2026-10-27,4.662861578767189e-05,1.8725894530412123e-05,0.0001166144208344344
2026-10-28,4.711768553259246e-05,1.8332155383126193e-05,0.00011607675403847838
2026-10-29,4.791409159348424e-05,1.881088560399534e-05,0.00011729638115159081
2026-10-30,4.6318631552876096e-05,1.8940823980063835e-05,0.00011425493336160042
2026-10-31,4.618751726503572e-05,1.8553675561980875e-05,0.00011332484287556564
2026-11-01,4.781938663484953e-05,1.8254416603032865e-05,0.00011494043184791136
2026-11-02,4.789854656761212e-05,1.8349363396485395e-05,0.00011742718612857345
2026-11-03,4.768968103064205e-05,1.7674456984598316e-05,0.00011437841351533417
2026-11-04,4.7654001634141866e-05,1.747770885557437e-05,0.00011418843306784218
2026-11-05,4.741391567656691e-05,1.7922640588436295e-05,0.00011905169601596328
2026-11-06,4.786736719474531e-05,1.8306240793820363e-05,0.00011835589638866952
2026-11-07,4.690767240221601e-05,1.7907965423418316e-05,0.00011256609633887227
2026-11-08,4.6271034785603656e-05,1.6737501779831623e-05,0.00011105313930331153
2026-11-09,4.6514216119766894e-05,1.761552930290843e-05,0.0001151403734443797
2026-11-10,4.596763449120406e-05,1.8032490443488657e-05,0.00011448023994017084
2026-11-11,4.4389237216407526e-05,1.716561462032622e-05,0.00011421226211769064
2026-11-12,4.4323115298372536e-05,1.7723619445299867e-05,0.00011156905675062697
2026-11-13,4.43883301111659e-05,1.7523576855156153e-05,0.00011262048300802742
2026-11-14,4.355359682761498e-05,1.712138092394673e-05,0.00011674047725018338
2026-11-15,4.335925316597922e-05,1.7558639397056084e-05,0.00011302704353878144
2026-11-16,4.413825120212404e-05,1.7372677481445576e-05,0.00011546547094535822
2026-11-17,4.323935792373196e-05,1.6554584456367585e-05,0.0001137676584419101
2026-11-18,4.295569735095275e-05,1.6594389635491275e-05,0.00011239327336874566
2026-11-19,4.3411599189123714e-05,1.6422518101897318e-05,0.00010943329974959978
2026-11-20,4.3333226571746336e-05,1.592334650555632e-05,0.00010632808087988894
2026-11-21,4.303469306154375e-05,1.5693084833193506e-05,0.00010782713088364283
2026-11-22,4.260453502692785e-05,1.5718666180382815e-05,0.0001108067431497184
2026-11-23,4.1523905465774464e-05,1.5940951982812405e-05,0.00011355421684711672
2026-11-24,4.096223264553068e-05,1.51135119774792e-05,0.0001089114849261803
2026-11-25,4.096250569173726e-05,1.5136045693526066e-05,0.00010599797492985651
2026-11-26,4.034570612238807e-05,1.493768003100171e-05,0.00010063522595140119
2026-11-27,4.011738899776047e-05,1.572879562529668e-05,0.00010597357850148774
2026-11-28,4.060999810926962e-05,1.513443600037698e-05,0.00010606942358883677
2026-11-29,4.0637643979528365e-05,1.4906531246928856e-05,0.00010524219132927162
2026-11-30,4.016680051330837e-05,1.513238496205841e-05,0.00011073627878571093
2026-12-01,4.129935605382973e-05,1.5088464716415027e-05,0.00010978559712875364
2026-12-02,4.0417287502141224e-05,1.5234882052145872e-05,0.00010846482184118508
2026-12-03,4.0545603004230044e-05,1.4555588287244043e-05,0.00010442759755569616
2026-12-04,4.0776895429674856e-05,1.440184995881361e-05,0.00010355167843308152
2026-12-05,3.9823931488534914e-05,1.479194539230311e-05,0.00010389203997942485
2026-12-06,4.015045124225434e-05,1.5035124808743047e-05,0.00010088928325580972
2026-12-07,4.0312188799041033e-05,1.4654843037213788e-05,0.0001003172185530776
2026-12-08,3.9498301194988506e-05,1.4484644292689234e-05,9.919536625260676e-05
2026-12-09,4.0200862232256366e-05,1.4529682486285281e-05,0.00010054806388028446
2026-12-10,3.9780223061563404e-05,1.4099780371092404e-05,0.00010120349552334741
2026-12-11,3.8961233986385235e-05,1.4555562971447457e-05,0.00010358878047814655
2026-12-12,3.9424498414963375e-05,1.4142576940009887e-05,0.00010656050888599878
2026-12-13,3.894913076818673e-05,1.3716200630060172e-05,0.00010246693651802732
2026-12-14,3.8852629625622676e-05,1.36464833807575e-05,0.00010052559211229922
2026-12-15,3.855432973073216e-05,1.3367926166176796e-05,9.989379140641776e-05
2026-12-16,3.846025291554157e-05,1.345190248708291e-05,0.00010188124796137198
2026-12-17,3.866186397705382e-05,1.3863116626731638e-05,0.00010169779209557324
2026-12-18,3.8383273915974783e-05,1.3689633257280883e-05,9.97598474633131e-05
2026-12-19,3.90842855505589e-05,1.402585467197244e-05,0.00010067647849764457
2026-12-20,3.7895887219404934e-05,1.4159734312465967e-05,0.00010254248161381686
2026-12-21,3.640935871329143e-05,1.383710173054552e-05,9.703159849633267e-05
2026-12-22,3.655196101012884e-05,1.381904100371875e-05,0.00010261997993332023
2026-12-23,3.7359609254356335e-05,1.3901531096765044e-05,0.00010051543482737693
2026-12-24,3.749762377640527e-05,1.3872741548284455e-05,9.791558795170262e-05
2026-12-25,3.60676320608415e-05,1.3726734241705491e-05,9.919740697579465e-05
2026-12-26,3.6544671764419666e-05,1.3530116777630733e-05,9.364000001632207e-05
2026-12-27,3.6118018715486126e-05,1.310798916167754e-05,9.355639682184555e-05
2026-12-28,3.534972805813443e-05,1.2912424936925189e-05,9.623293821730098e-05
2026-12-29,3.4877449205418466e-05,1.3437155795871521e-05,9.401182955138733e-05
2026-12-30,3.498083165544342e-05,1.3696304675766511e-05,9.591822766565828e-05
2026-12-31,3.528316863941448e-05,1.3349326562562365e-05,9.227780590739893e-05
2027-01-01,3.440587685668701e-05,1.3039913267453795e-05,9.094048429089614e-05
2027-01-02,3.4413057473597154e-05,1.319992869514363e-05,8.928348085982664e-05
2027-01-03,3.406335279624205e-05,1.3099459362922173e-05,8.987582370441687e-05
2027-01-04,3.481536746169228e-05,1.2542264483727067e-05,8.980228426726494e-05
2027-01-05,3.478938611314732e-05,1.2172635381482337e-05,9.204986205826832e-05
2027-01-06,3.3981991960125984e-05,1.2356780277186143e-05,9.300748111357878e-05
2027-01-07,3.336125146575828e-05,1.2510969392126582e-05,9.20474548576336e-05
2027-01-08,3.382687993116345e-05,1.2178540971388891e-05,8.985414187966962e-05
2027-01-09,3.3798079850164537e-05,1.2155651258388775e-05,9.01943337074704e-05
2027-01-10,3.3804613627744784e-05,1.2120790300450527e-05,9.153723418488528e-05
2027-01-11,3.3313618717946076e-05,1.2365763641660814e-05,8.747339681165831e-05
2027-01-12,3.3258468662849725e-05,1.237167544302863e-05,8.809234827506955e-05
2027-01-13,3.3018717643472996e-05,1.191531420825243e-05,8.756066587563096e-05
2027-01-14,3.238993533413868e-05,1.1720960688806673e-05,8.769743097237101e-05
2027-01-15,3.2804425365672054e-05,1.2040530177215648e-05,8.605197572650074e-05
2027-01-16,3.2581883225060395e-05,1.133014775503199e-05,8.692504306321991e-05
2027-01-17,3.156638945523693e-05,1.152097341821335e-05,8.334556241538578e-05
2027-01-18,3.2346314238639624e-05,1.1354102692203286e-05,8.423832435851147e-05
2027-01-19,3.3304327910115936e-05,1.1660343474949729e-05,8.588718747520844e-05
2027-01-20,3.248632078033202e-05,1.1292321292271122e-05,8.331088539306784e-05
2027-01-21,3.31389171935694e-05,1.1318422521434489e-05,8.420719240850814e-05
2027-01-22,3.23925156190502e-05,1.1117922522004719e-05,8.366709680031953e-05
2027-01-23,3.338345453366738e-05,1.1227422505148565e-05,8.38029976168358e-05
2027-01-24,3.1999661001586965e-05,1.096636826159037e-05,8.586927351577764e-05
2027-01-25,3.1973735445394946e-05,1.0987882525217983e-05,8.545072380884667e-05
2027-01-26,3.19159055649982e-05,1.0939831748285946e-05,8.452425702139385e-05
2027-01-27,3.176781058392832e-05,1.0679564610139032e-05,8.431025038220207e-05
2027-01-28,3.099928634910831e-05,1.0785755057885064e-05,8.381971915367048e-05
2027-01-29,3.1010796548813525e-05,1.1059167692059727e-05,8.687095753801216e-05
2027-01-30,3.0205662734169328e-05,1.0868131398006885e-05,8.430223908944684e-05
2027-01-31,2.928572370143826e-05,1.102347561765545e-05,8.270621676524557e-05
2027-02-01,2.9556904835465163e-05,1.0976941103629533e-05,8.355761444687856e-05
2027-02-02,2.8951825777879573e-05,1.0529708692312918e-05,8.589426739190212e-05
2027-02-03,2.873680943480294e-05,1.0563984524536652e-05,8.937582356705203e-05
2027-02-04,2.8973807588891995e-05,1.053704825576289e-05,8.80930509271929e-05
2027-02-05,2.9338250098981593e-05,1.0429326342865755e-05,8.595544109384754e-05
2027-02-06,2.916626857890165e-05,1.0363088505828428e-05,8.463201080485427e-05
2027-02-07,2.9552243883396857e-05,1.0142675251428725e-05,8.124329333167492e-05
2027-02-08,2.958786134803106e-05,9.886515586029596e-06,8.024615626568914e-05
2027-02-09,3.011669431686509e-05,9.968728234828587e-06,8.257525923967442e-05
2027-02-10,2.874921618943491e-05,1.0161223488189353e-05,8.413216548497117e-05
2027-02-11,2.8898851584317752e-05,1.0146766985391349e-05,8.428079155891263e-05
2027-02-12,2.8807194684333268e-05,1.0000789361308067e-05,8.095749963665062e-05
2027-02-13,2.9095979042860257e-05,9.73237687698182e-06,8.146282746606763e-05
2027-02-14,2.897002637706623e-05,9.514517441488873e-06,8.309819318110802e-05
2027-02-15,2.870835341082041e-05,9.861588010295958e-06,8.265357697003225e-05
2027-02-16,2.7965081513433977e-05,9.883213780119136e-06,8.441112532874085e-05
2027-02-17,2.7751461223636458e-05,9.8799594685417e-06,8.678690231982576e-05
2027-02-18,2.7967748230397005e-05,9.862176603855973e-06,8.425370383882143e-05
2027-02-19,2.77687332937266e-05,9.785695376985191e-06,8.483664630489511e-05
2027-02-20,2.8643022401190986e-05,9.689521148421745e-06,8.641269572544813e-05
2027-02-21,2.7841127586738043e-05,9.397124938445938e-06,8.593604475033549e-05
2027-02-22,2.6542738681784087e-05,9.184907836881677e-06,8.506858200963953e-05
2027-02-23,2.7340916232932653e-05,8.756019326454164e-06,8.492181305294121e-05
2027-02-24,2.7979557268754746e-05,8.584126445067097e-06,8.582521385217813e-05
2027-02-25,2.8231718642930217e-05,8.547039567123984e-06,8.591232373791148e-05
2027-02-26,2.7376791622767568e-05,8.339322713535969e-06,8.862148104378702e-05
2027-02-27,2.8295979403531355e-05,8.580500601173962e-06,8.538002561140468e-05
2027-02-28,2.8284107040818912e-05,8.46984825367112e-06,8.692003717144836e-05
2027-03-01,2.742478334633938e-05,8.43076926685897e-06,8.489044519743996e-05
2027-03-02,2.7528541780682974e-05,8.566181891072519e-06,8.48278438698256e-05
2027-03-03,2.720998625037596e-05,8.49710888824535e-06,8.271014835813369e-05
2027-03-04,2.7418459862195335e-05,8.62959871770562e-06,8.479801319944506e-05
2027-03-05,2.6709654046355962e-05,8.509314524767602e-06,8.427331989853173e-05
2027-03-06,2.6586895190943745e-05,8.346430545367871e-06,7.85900936741094e-05
2027-03-07,2.6591390171207822e-05,8.589324719537585e-06,7.945559801108851e-05
2027-03-08,2.7038720851638327e-05,8.517572911853304e-06,7.824579038756397e-05
2027-03-09,2.6680135748530935e-05,8.657697154111396e-06,7.89564690839943e-05
2027-03-10,2.590790438603333e-05,8.655569399549084e-06,7.802562318072252e-05
2027-03-11,2.5563675042813865e-05,8.341095862030159e-06,7.688978003470484e-05
2027-03-12,2.511901835085083e-05,8.647906257341198e-06,7.874607483500781e-05
2027-03-13,2.4772655715197257e-05,8.69881935987217e-06,7.628659115143704e-05
2027-03-14,2.440638207550765e-05,8.565943570894509e-06,7.546312481984757e-05
2027-03-15,2.447039742233983e-05,8.361139399186908e-06,7.437293603116001e-05
2027-03-16,2.4402875726571914e-05,8.45888948718705e-06,7.43911365201765e-05
2027-03-17,2.3661871644009563e-05,8.127050237784546e-06,7.285512564229737e-05
2027-03-18,2.4401242144368534e-05,7.992452532767925e-06,7.145135214638253e-05
2027-03-19,2.4993351177558437e-05,7.763889813184122e-06,7.103042997408973e-05
2027-03-20,2.528728282834053e-05,7.833239513995157e-06,7.18584071907663e-05
2027-03-21,2.497686663749526e-05,7.922427080865966e-06,7.480225527742797e-05
2027-03-22,2.504188396546487e-05,7.558693124145572e-06,7.414560705778611e-05
2027-03-23,2.5228627399366234e-05,7.365104597236713e-06,7.380446248670379e-05
2027-03-24,2.502690929494375e-05,7.187363456353584e-06,7.637490022478835e-05
2027-03-25,2.41916752909948e-05,7.39998472366542e-06,7.548074142769845e-05
2027-03-26,2.4696498522716366e-05,7.3586673465352396e-06,7.651292634370143e-05
2027-03-27,2.4726950298948778e-05,6.9508517563696525e-06,7.241506691888489e-05
2027-03-28,2.363322735735409e-05,7.125504748704137e-06,7.159437975487161e-05
2027-03-29,2.329284020251304e-05,7.075230940570371e-06,7.259507241313501e-05
2027-03-30,2.3939554006722634e-05,7.1771042740050326e-06,7.460226512729837e-05
2027-03-31,2.354262505946066e-05,6.931889187409356e-06,7.350863905260775e-05
2027-04-01,2.4377993180758962e-05,6.8877056163034e-06,7.191071541151737e-05
2027-04-02,2.346994806197442e-05,6.9167555587480296e-06,7.144825600553987e-05
2027-04-03,2.3990659500142416e-05,6.925265915495727e-06,7.041191845223437e-05
2027-04-04,2.3597858433370992e-05,7.186462426845688e-06,7.074958451731481e-05
2027-04-05,2.3987911207768425e-05,7.009286309097553e-06,7.207121497633427e-05
2027-04-06,2.340358890124164e-05,7.111834018784822e-06,7.054675811752945e-05
2027-04-07,2.3968823714462245e-05,7.144625656154656e-06,6.931033375574361e-05
2027-04-08,2.3909685433765977e-05,7.2256006910523085e-06,6.937226876834837e-05
2027-04-09,2.394308143947067e-05,7.120764206068804e-06,6.851398721535468e-05
2027-04-10,2.353737402238411e-05,6.819730889354512e-06,7.044710902492693e-05
2027-04-11,2.3163229573042524e-05,6.929340699406983e-06,6.942475437038974e-05
2027-04-12,2.3584317958873623e-05,6.968735465456301e-06,7.274361063013607e-05
2027-04-13,2.410936525414321e-05,6.600406296103933e-06,6.912411991468525e-05
2027-04-14,2.349186541337421e-05,6.664598051182997e-06,6.938472012690034e-05
2027-04-15,2.3641121946692476e-05,6.40376691801852e-06,7.094526761985621e-05
2027-04-16,2.4180438936699672e-05,6.455738522568525e-06,7.055328763836372e-05
2027-04-17,2.4212765885123914e-05,6.656929833197933e-06,7.128303205320682e-05
2027-04-18,2.3991419385239625e-05,6.60420938859721e-06,7.037099216872616e-05
2027-04-19,2.532640114533333e-05,6.3258531497288905e-06,7.044448614162826e-05
2027-04-20,2.41447394145562e-05,6.522632837942228e-06,6.937108031594532e-05
2027-04-21,2.4167473895586097e-05,6.440732367883403e-06,7.276681937569583e-05
2027-04-22,2.373624953115519e-05,6.240961667815049e-06,7.117865143086622e-05
2027-04-23,2.346306534892091e-05,6.1267626892550035e-06,7.043666562609867e-05
2027-04-24,2.350180539320997e-05,6.34666827919325e-06,7.025739473387922e-05
2027-04-25,2.446117568648208e-05,6.161824985483097e-06,6.942022000231747e-05
2027-04-26,2.4105765879048197e-05,5.965807103729431e-06,7.033077475157039e-05
2027-04-27,2.4109442211756033e-05,6.046335525218479e-06,6.905456795448152e-05
2027-04-28,2.3449105272749643e-05,5.92229164593613e-06,6.874657886076033e-05
2027-04-29,2.3329807586950573e-05,5.8857325519567985e-06,6.612163746787291e-05
2027-04-30,2.2792387514944712e-05,5.813099804795705e-06,6.591274258063964e-05
2027-05-01,2.33947965670864e-05,5.813110912102333e-06,6.808143430845898e-05
2027-05-02,2.3285699586442316e-05,5.840756256361007e-06,6.705521340413349e-05
2027-05-03,2.300362806816172e-05,5.746677528807554e-06,6.515268498883852e-05
2027-05-04,2.237459032406044e-05,5.66697372023315e-06,6.265198501038727e-05
2027-05-05,2.1880249603253228e-05,5.639082010025012e-06,6.278348606956635e-05
2027-05-06,2.2654715039100822e-05,5.862456694598632e-06,6.285239676033844e-05
2027-05-07,2.2270377391724644e-05,5.62205493966811e-06,6.229030781341956e-05
2027-05-08,2.18758464760741e-05,5.7150575487787615e-06,6.374432426533045e-05
2027-05-09,2.1563811264147274e-05,5.68864750064587e-06,6.289558735668205e-05
2027-05-10,2.2262488879471703e-05,5.858729357436662e-06,6.237035441139356e-05
2027-05-11,2.130696582533096e-05,5.900573700080608e-06,6.294479658338325e-05
2027-05-12,2.1061405974577178e-05,5.6766168566196895e-06,6.241662945732922e-05
2027-05-13,2.1936675620643695e-05,5.709414985902281e-06,6.467797890469074e-05
2027-05-14,2.0797407872583995e-05,5.749142150467912e-06,6.110347046477273e-05
2027-05-15,2.0903444784957746e-05,5.860090246793309e-06,6.405182937383944e-05
2027-05-16,2.0397198376912568e-05,5.811772679136385e-06,6.463720135511957e-05
2027-05-17,2.027073838426189e-05,5.863166560175222e-06,6.606289605465613e-05
2027-05-18,2.0176036083799778e-05,5.86581545920877e-06,6.312632051688161e-05
2027-05-19,2.0418117124181793e-05,5.908567831735646e-06,6.667680349518381e-05
2027-05-20,2.04756172770694e-05,5.801801976897254e-06,6.403058420955012e-05
2027-05-21,2.0109988217952524e-05,5.7431144976323335e-06,6.620409692219192e-05
2027-05-22,2.0430929406051895e-05,5.6319179116032345e-06,6.54103583735655e-05
2027-05-23,2.082949403466342e-05,5.762575410833487e-06,6.390599500834956e-05
2027-05-24,2.0818158820153903e-05,5.649923868154539e-06,6.714277145626241e-05
2027-05-25,2.0796149274712026e-05,5.775221436678769e-06,6.817420880916489e-05
2027-05-26,2.035105224564323e-05,5.685003703184649e-06,6.842448593485356e-05
2027-05-27,1.9954290585834223e-05,5.532008460804925e-06,6.81267632249947e-05
2027-05-28,1.9778795889395465e-05,5.4233135320005215e-06,6.688252457510467e-05
2027-05-29,2.0015576608589242e-05,5.49880547969615e-06,6.741817422161601e-05
2027-05-30,1.9627440415858534e-05,5.664086009451895e-06,6.516762199458467e-05
2027-05-31,1.9210120476030428e-05,5.531118339262712e-06,6.770316991311349e-05
2027-06-01,1.8542538198533963e-05,5.4841839694652546e-06,6.724413723947161e-05
2027-06-02,1.837460480362614e-05,5.5119053562269126e-06,6.698418452309398e-05
2027-06-03,1.8291620508428573e-05,5.374110244332072e-06,6.537199598539363e-05
2027-06-04,1.8067381619235007e-05,5.48266733266968e-06,6.529153664470043e-05
2027-06-05,1.8033746282670984e-05,5.6190318447344875e-06,6.145978390400811e-05
2027-06-06,1.8377116728740454e-05,5.534790234060667e-06,6.043145625021658e-05
2027-06-07,1.881581734564996e-05,5.5733206001561825e-06,6.0900473176767804e-05
2027-06-08,1.878468906715132e-05,5.559930724442523e-06,6.164710874065442e-05
2027-06-09,1.8632855791714797e-05,5.3826740114079e-06,5.766771909740475e-05
2027-06-10,1.8817863351078697e-05,5.235038129600203e-06,5.7211253231194225e-05
2027-06-11,1.8675467055167453e-05,5.312537748659899e-06,6.025488081851708e-05
2027-06-12,1.8252992207921246e-05,5.112332822452301e-06,5.8463903540427216e-05
2027-06-13,1.746143403018556e-05,4.793233042627763e-06,5.684791702120008e-05
2027-06-14,1.8104561994720388e-05,4.910665242966191e-06,5.751959305819999e-05
2027-06-15,1.8131428206569056e-05,4.89572988352084e-06,6.072170264559905e-05
2027-06-16,1.7778547425296914e-05,4.7307376582019575e-06,5.92116019611924e-05
2027-06-17,1.740738276093249e-05,4.818529360983996e-06,5.817436461778296e-05
2027-06-18,1.748018171804594e-05,4.531189335105131e-06,5.683145937087113e-05
2027-06-19,1.764162512108128e-05,4.654002812419517e-06,5.6645080442004204e-05
2027-06-20,1.6657202913485412e-05,4.656720554097142e-06,5.9814999199534535e-05
2027-06-21,1.6561213553245142e-05,4.663892503307512e-06,5.927747860479125e-05
2027-06-22,1.606871234573841e-05,4.5431162557724085e-06,5.9224472597000346e-05
2027-06-23,1.6444487888649593e-05,4.567097238395513e-06,5.594365726077615e-05
2027-06-24,1.6257447438931084e-05,4.962270801461686e-06,5.550934026292811e-05
2027-06-25,1.6324391634023464e-05,5.0645277174881765e-06,5.4933701439730895e-05
2027-06-26,1.6950866634301752e-05,4.968354180909971e-06,5.5920235029463766e-05
2027-06-27,1.636796491859289e-05,4.559559544093054e-06,5.566977178596461e-05
2027-06-28,1.659821012326339e-05,4.5431755295705635e-06,5.453682359452725e-05
2027-06-29,1.643796724312795e-05,4.53238923099746e-06,5.583066386418654e-05
2027-06-30,1.5926740590591328e-05,4.343264267862319e-06,5.6329712420982154e-05
2027-07-01,1.6010460526964847e-05,4.476938864569966e-06,5.426786687827153e-05
2027-07-02,1.5839872705955216e-05,4.393766225060895e-06,5.271288201582749e-05
2027-07-03,1.5633560381632974e-05,4.267142330359382e-06,5.4291564591643456e-05
2027-07-04,1.585818498927538e-05,4.549075208578399e-06,5.509397401056241e-05
2027-07-05,1.5804163782236566e-05,4.491408171349664e-06,5.475717408512752e-05
2027-07-06,1.503158676462507e-05,4.349157146146522e-06,5.532644218401454e-05
2027-07-07,1.5116326770715285e-05,4.208087808592898e-06,5.480413940520027e-05
2027-07-08,1.5304560226263865e-05,4.08849284593197e-06,5.3471427190880364e-05
2027-07-09,1.44383837935578e-05,4.052668919488187e-06,5.3834449678152184e-05
2027-07-10,1.425931596750645e-05,4.058197769479201e-06,5.08614972375011e-05
2027-07-11,1.4177537442727117e-05,4.053601152189877e-06,5.247733687399179e-05
2027-07-12,1.371597332146507e-05,4.129266660588312e-06,5.255301096313049e-05
2027-07-13,1.4316911872050958e-05,4.105506200523688e-06,4.968786866323389e-05
2027-07-14,1.4050597926686303e-05,4.032336978441319e-06,4.986452294519659e-05
2027-07-15,1.4249723783412716e-05,4.215905224617852e-06,4.803269999924539e-05
2027-07-16,1.3994198626528247e-05,3.948223772492088e-06,4.685063095376774e-05
2027-07-17,1.3979792276021972e-05,4.047155865783554e-06,4.834659265760334e-05
2027-07-18,1.4055686781532235e-05,3.996089621268501e-06,4.9527384798873424e-05
2027-07-19,1.3945178032336812e-05,4.040635238999174e-06,5.012091867225314e-05
2027-07-20,1.3719635714952558e-05,3.907259414327938e-06,4.9862661793980746e-05
2027-07-21,1.4032587066888089e-05,3.9355282505876855e-06,4.865165434641883e-05
2027-07-22,1.3788337249798913e-05,3.8454971944303305e-06,4.907095715265909e-05
2027-07-23,1.418350683735217e-05,3.774883129983988e-06,4.901710352415592e-05
2027-07-24,1.4404838803171225e-05,3.6754761187686593e-06,5.185353591085793e-05
2027-07-25,1.3941620924010648e-05,3.6889980057602125e-06,5.194678982905624e-05
2027-07-26,1.4412534093299518e-05,3.847058613264369e-06,5.0461190188631544e-05
2027-07-27,1.4180782306017326e-05,3.6324389970023235e-06,4.980982400545138e-05
2027-07-28,1.38318514596234e-05,3.5815553455245318e-06,5.1144696556186276e-05
2027-07-29,1.363830148364069e-05,3.737056867144529e-06,5.012732308005161e-05
2027-07-30,1.381162549224097e-05,3.4895265707557574e-06,4.9517897601072266e-05
2027-07-31,1.3337929598032802e-05,3.570274088178214e-06,4.719403612937008e-05
2027-08-01,1.4033225990922539e-05,3.6227814537824867e-06,4.783223426127214e-05
2027-08-02,1.3218494605580552e-05,3.69781812208349e-06,4.8396910479047484e-05
2027-08-03,1.299879662255629e-05,3.579992798380809e-06,4.9613440995806517e-05
2027-08-04,1.285007775093789e-05,3.5311550673641716e-06,4.90788505029671e-05
2027-08-05,1.2269776442782279e-05,3.3622416631333325e-06,4.903738608744319e-05
2027-08-06,1.2447932192327129e-05,3.31504855567052e-06,4.853881002086465e-05
2027-08-07,1.2606935027250775e-05,3.322033809600174e-06,5.026614798156312e-05
2027-08-08,1.285176138362328e-05,3.2661917254014366e-06,5.038094018818447e-05
2027-08-09,1.259954608797085e-05,3.267256480441794e-06,5.0881328249764084e-05
2027-08-10,1.2622304911532652e-05,3.215576124112848e-06,5.096436580235745e-05
2027-08-11,1.2810602160728704e-05,3.294691724441964e-06,5.061948879653439e-05
2027-08-12,1.24087630807442e-05,3.119500674201653e-06,5.1182659141523113e-05
2027-08-13,1.2113315752274703e-05,3.2738263793707476e-06,5.055709054695887e-05
2027-08-14,1.2142873499935113e-05,3.3044266837841124e-06,4.926725156372726e-05
2027-08-15,1.2262086568037429e-05,3.2518025313007203e-06,4.993633168405276e-05
2027-08-16,1.2300358116705169e-05,3.429089500399402e-06,4.816938543983789e-05
2027-08-17,1.2886409645153004e-05,3.407207208275353e-06,4.740299994890846e-05
2027-08-18,1.2437711161784907e-05,3.3506723160091343e-06,5.039214570836622e-05
2027-08-19,1.2159711446112499e-05,3.3688031459005414e-06,5.016008600473523e-05
2027-08-20,1.2395689108531257e-05,3.242299144713059e-06,4.874433894966432e-05
2027-08-21,1.2614700838480562e-05,3.1978345792226493e-06,5.005280961239619e-05
2027-08-22,1.255408706666501e-05,3.242254187297371e-06,5.0878848483248115e-05
2027-08-23,1.2510853362446917e-05,3.2688387231909986e-06,5.228419906903391e-05
2027-08-24,1.2061284662842782e-05,3.4201088231938918e-06,5.1588379582902634e-05
2027-08-25,1.1769995221448484e-05,3.283027941865694e-06,4.8256028922671516e-05
2027-08-26,1.1666138716291934e-05,3.2885094279845165e-06,4.832995370390788e-05
2027-08-27,1.1541271501404551e-05,3.1853300095613822e-06,4.99321604338546e-05
2027-08-28,1.1612609845138212e-05,3.2438685263545527e-06,4.9942876967279845e-05
2027-08-29,1.1837723677697878e-05,3.3575853270435676e-06,4.965673935640568e-05
2027-08-30,1.1813840121545092e-05,3.293268273110625e-06,5.2946481947314465e-05
2027-08-31,1.1893912368418032e-05,3.2638010025382225e-06,5.159347720709476e-05
2027-09-01,1.1419073771987919e-05,3.168077991556202e-06,5.092636538153043e-05
2027-09-02,1.156763995879507e-05,3.1376397771178668e-06,5.178449331921801e-05
2027-09-03,1.1631734902370486e-05,3.2518356215064028e-06,5.2940934852497787e-05
2027-09-04,1.1546606166939171e-05,3.318070734130869e-06,5.0961262909163124e-05
2027-09-05,1.1583999551799299e-05,3.3114739254278738e-06,5.143840377405264e-05
2027-09-06,1.157545932000877e-05,3.326753966245619e-06,4.9661099799015044e-05
2027-09-07,1.1778868567442819e-05,3.196836679942167e-06,5.0640089269475793e-05
2027-09-08,1.2008235691977075e-05,3.1212768438061615e-06,4.87302626358634e-05
2027-09-09,1.1507861636188605e-05,3.155148514909195e-06,5.023179891224373e-05
2027-09-10,1.0978214762642798e-05,3.0230773226122054e-06,4.949403154321511e-05
2027-09-11,1.1111321845279076e-05,3.045701763585459e-06,5.073865269280801e-05
2027-09-12,1.0962240226675255e-05,3.0340584284168396e-06,5.1130914632682614e-05
2027-09-13,1.1058343048865378e-05,2.990620282078084e-06,4.950126146226112e-05
2027-09-14,1.1438665337195653e-05,2.9274807614957026e-06,4.9590121695962895e-05
2027-09-15,1.1190990695376939e-05,2.8738536935471293e-06,4.8521192071172706e-05
2027-09-16,1.0974375338872333e-05,2.7512977230327147e-06,4.8448214935729575e-05
2027-09-17,1.1064161319241495e-05,2.608034460028724e-06,4.941016430542536e-05
2027-09-18,1.0998937176768351e-05,2.5827382356022715e-06,4.770335148745737e-05
2027-09-19,1.0864868851206862e-05,2.5778917199832922e-06,4.761671507693539e-05
2027-09-20,1.1064064897764938e-05,2.723312982281446e-06,4.7265097440100316e-05
2027-09-21,1.115684866444952e-05,2.6578554821907858e-06,4.7116764016546535e-05
2027-09-22,1.054187375775722e-05,2.702630077213842e-06,4.524154576598931e-05
2027-09-23,1.065214625555077e-05,2.66093181497789e-06,4.717641331274611e-05
2027-09-24,1.0210159722999845e-05,2.7060128610555132e-06,4.5694089462692476e-05
2027-09-25,1.0299531049572424e-05,2.662674981470334e-06,4.404683316134932e-05
2027-09-26,1.0909162731978998e-05,2.6910625886910423e-06,4.3354913002150437e-05
2027-09-27,1.0535509765554973e-05,2.6856210244269476e-06,4.214414536200131e-05
2027-09-28,1.0676166119913356e-05,2.622632444519322e-06,4.1468380028160826e-05
2027-09-29,1.0401064568373452e-05,2.6978431092818217e-06,4.2866428825844354e-05
2027-09-30,1.0384245585650936e-05,2.649006180338142e-06,4.262427286009237e-05
2027-10-01,1.0178736530425198e-05,2.505223832741858e-06,4.256294432474064e-05
2027-10-02,1.0714583440450865e-05,2.50724501705625e-06,4.420730533187819e-05
2027-10-03,1.0623577186655602e-05,2.4687666420046577e-06,4.3018906445479054e-05
2027-10-04,1.0404765822659572e-05,2.368474719667005e-06,4.219856962425112e-05
2027-10-05,1.0212189836934089e-05,2.416748604737641e-06,4.0040280923551134e-05
2027-10-06,1.0340630775631603e-05,2.4792171246544598e-06,4.0488800263019625e-05
2027-10-07,1.0328440439252378e-05,2.3687409462503727e-06,3.8451839806934614e-05
2027-10-08,1.0467639112907303e-05,2.3883159984783177e-06,3.863571189968769e-05
2027-10-09,1.0255281770138406e-05,2.361557328314518e-06,3.997717901064806e-05
2027-10-10,9.99354521560119e-06,2.3881044873407075e-06,4.0802156552307616e-05
2027-10-11,1.0156622718047767e-05,2.3362938708776904e-06,3.9705696355805904e-05
2027-10-12,9.862413407447725e-06,2.3558345218319817e-06,3.992855079323451e-05
2027-10-13,9.562644445599455e-06,2.316858162323557e-06,3.870150375330426e-05
2027-10-14,9.505118062333572e-06,2.3646652504215797e-06,3.857483829399945e-05
2027-10-15,9.592540898091568e-06,2.3748928475463035e-06,3.987427808116662e-05
2027-10-16,9.57971212276638e-06,2.372714124685128e-06,4.1524626596336406e-05
2027-10-17,9.383051954090428e-06,2.421404667958318e-06,4.3763995877091656e-05
2027-10-18,9.564420308505807e-06,2.3698182487038394e-06,4.146524131092488e-05
2027-10-19,9.538773721717764e-06,2.259600319350457e-06,4.03784661001361e-05
2027-10-20,9.181059058205533e-06,2.32962586439484e-06,4.179332347010144e-05
2027-10-21,9.325359778604725e-06,2.3321113486424933e-06,4.13778775362038e-05
2027-10-22,9.169381145017447e-06,2.3873526024800763e-06,4.024443866934658e-05
2027-10-23,9.233148128530649e-06,2.411275559082746e-06,3.827338597599851e-05
2027-10-24,9.217944325196623e-06,2.4060935380091803e-06,3.944124278233837e-05
2027-10-25,9.044782349416255e-06,2.408833971249981e-06,4.139824108135003e-05
2027-10-26,9.124629526676708e-06,2.3619847537573682e-06,4.102744659744511e-05
2027-10-27,9.166848090483483e-06,2.3440943651470575e-06,4.013855597009194e-05
2027-10-28,9.301503293911997e-06,2.2459413425228e-06,3.7994265573675893e-05
2027-10-29,9.322816590812974e-06,2.187406040999761e-06,3.7623845096218024e-05
2027-10-30,9.345530180534943e-06,2.2905301267229068e-06,3.7818739745342994e-05
2027-10-31,8.992514814227108e-06,2.249465256349884e-06,3.777638190125356e-05
2027-11-01,9.019669447948756e-06,2.1661668366778996e-06,3.738905873543668e-05
2027-11-02,8.79999689704252e-06,2.1007275988803103e-06,3.739695051107723e-05
2027-11-03,8.558468681042576e-06,2.1059397406855226e-06,3.488496167291184e-05
2027-11-04,8.625971104655985e-06,2.1637847268416033e-06,3.507158725274466e-05
2027-11-05,8.295614034650802e-06,2.159044231589406e-06,3.478754609829684e-05
2027-11-06,8.2676497277871e-06,2.2258830611358336e-06,3.643028656890269e-05
2027-11-07,8.313504180768298e-06,2.3103497264046182e-06,3.8483339119747336e-05
2027-11-08,8.243428315737579e-06,2.218030469381067e-06,3.7813092702421354e-05
2027-11-09,8.144879042209219e-06,2.206682622935305e-06,3.943254124611658e-05
2027-11-10,8.244213467510525e-06,2.251145875021423e-06,3.7533841274838436e-05
2027-11-11,8.361079889930476e-06,2.236154080117366e-06,3.7832485028699434e-05
2027-11-12,8.21599594147821e-06,2.278220028880437e-06,3.7757949749295923e-05
2027-11-13,8.016135590341524e-06,2.212651441310796e-06,3.803242146400814e-05
2027-11-14,7.707143860572922e-06,2.198521038719578e-06,3.865194407014363e-05
2027-11-15,7.909760439070581e-06,2.127601393411698e-06,3.816247390701401e-05
2027-11-16,8.018807826689277e-06,2.22353681045548e-06,3.7734851605429284e-05
2027-11-17,8.051714346341426e-06,2.169411416468726e-06,3.98215069106866e-05
2027-11-18,7.999152189172898e-06,2.119573833444169e-06,3.7816009581192446e-05
2027-11-19,8.12478899835493e-06,2.078191306482438e-06,3.715244065808524e-05
2027-11-20,7.9143710444398e-06,2.1129944696621986e-06,3.9397161063868056e-05
2027-11-21,7.67536276041244e-06,2.1103748615972886e-06,3.8471644464023845e-05
2027-11-22,7.706769530351507e-06,2.071428257275065e-06,3.735117796441288e-05
2027-11-23,7.520996825302718e-06,2.1462017221025473e-06,3.9186450736627154e-05
2027-11-24,7.563454311187764e-06,2.1026831323895843e-06,3.952758337688604e-05
2027-11-25,7.95513831181742e-06,2.0988451020875024e-06,3.9334863626261664e-05
2027-11-26,7.973366793776804e-06,2.1326724251328827e-06,3.8916493128181116e-05
2027-11-27,7.876435788462967e-06,2.1483943362902886e-06,3.7859250398440024e-05
2027-11-28,7.708793771716874e-06,2.1058697573611417e-06,3.929112298331564e-05
2027-11-29,7.72877445364042e-06,2.2009185077912803e-06,3.77468965396721e-05
2027-11-30,7.989470672560354e-06,2.1011734537407172e-06,3.801182463413067e-05
2027-12-01,7.904038459203542e-06,2.1344589608294094e-06,3.7544275437065495e-05
2027-12-02,8.000058599577193e-06,2.1084659302895426e-06,3.8330074575761305e-05
2027-12-03,7.775295889910581e-06,2.0267417412207462e-06,3.824638642970953e-05
2027-12-04,7.862316242620932e-06,2.0142817184819066e-06,3.7010530495647234e-05
2027-12-05,7.77198638140238e-06,1.9303666853386285e-06,3.7661649488174875e-05
2027-12-06,7.641688267956077e-06,1.956544996201177e-06,3.851523798053192e-05
2027-12-07,7.683940382920236e-06,1.9089025775231457e-06,3.8519755656783174e-05
2027-12-08,7.657282360980644e-06,1.8949988451709844e-06,3.8232082350129986e-05
2027-12-09,7.785550619258936e-06,1.865509118587458e-06,3.748417738160255e-05
2027-12-10,8.118976500037163e-06,1.8472741829942234e-06,3.726797405930288e-05
2027-12-11,7.757952624970949e-06,1.829111996233286e-06,3.6901818822775295e-05
2027-12-12,7.767344996562502e-06,1.8819052621013663e-06,3.695869668579284e-05
2027-12-13,7.91443426797936e-06,1.9102768907703066e-06,3.6671361387250164e-05
2027-12-14,8.32262481089101e-06,1.8770647773437804e-06,3.717167753105387e-05
2027-12-15,7.803988361821606e-06,1.8868724483509898e-06,3.654568664831427e-05
2027-12-16,7.813534779288142e-06,1.8587278958374292e-06,3.602155183209444e-05
2027-12-17,8.064260389294588e-06,1.821360028804156e-06,3.639544612143863e-05
2027-12-18,7.766553386214602e-06,1.8793565588524907e-06,3.848850374884551e-05
2027-12-19,7.942120462090272e-06,1.8845115458664467e-06,3.7877999650382806e-05
2027-12-20,7.860651631739619e-06,1.8747830442877408e-06,3.7021442276239846e-05
2027-12-21,7.772969761588882e-06,1.8065403269571019e-06,3.61830429685641e-05
2027-12-22,7.57162126052563e-06,1.8007998822042073e-06,3.565078280893702e-05
2027-12-23,7.555141139784831e-06,1.8965004728457048e-06,3.4779609198721024e-05
2027-12-24,7.74479383354091e-06,1.8168750028541955e-06,3.508179673919767e-05
2027-12-25,7.528403853939578e-06,1.822119121703875e-06,3.3936010489651094e-05
2027-12-26,7.749067921682825e-06,1.8521642832318225e-06,3.414180492485504e-05
2027-12-27,7.394417525106512e-06,1.8608986884288237e-06,3.4752988113700056e-05
2027-12-28,7.2742678675578216e-06,1.7895861618231287e-06,3.418584594253759e-05
2027-12-29,7.269807017160964e-06,1.8756222385569111e-06,3.4118692024615794e-05
2027-12-30,7.324572815731034e-06,1.8812240772496126e-06,3.2997954116139106e-05
2027-12-31,7.316991455065817e-06,1.8514849019355807e-06,3.445204231827609e-05
2028-01-01,7.245957986287285e-06,1.8574617474083947e-06,3.468119919614902e-05
2028-01-02,7.152173592655814e-06,1.8496009692171937e-06,3.4459687802150836e-05
2028-01-03,7.150976617362065e-06,1.840374897860772e-06,3.335023435595092e-05
2028-01-04,7.035950710826072e-06,1.8219748324644568e-06,3.310155257480309e-05
2028-01-05,6.956805975642164e-06,1.747215600589071e-06,3.239927756934238e-05
2028-01-06,7.3276548946326026e-06,1.826685070253241e-06,3.297080867881108e-05
2028-01-07,7.245899527964886e-06,1.762620818668519e-06,3.230582231886902e-05
2028-01-08,7.2370810089694574e-06,1.7940726411080158e-06,3.1464700480140535e-05
2028-01-09,7.189073470597331e-06,1.7636667833508595e-06,3.1178542694442545e-05
2028-01-10,6.905214366490327e-06,1.7961016252584466e-06,3.033900436632464e-05
2028-01-11,7.114976948543744e-06,1.7354631838623487e-06,2.9583291095495362e-05
2028-01-12,6.930983459060711e-06,1.6621139312251572e-06,2.9439736818414862e-05
2028-01-13,6.862867855181665e-06,1.5550226070186244e-06,2.958092945790229e-05
2028-01-14,6.762631332293515e-06,1.679426722328564e-06,2.9378501871925693e-05
2028-01-15,6.835162862023335e-06,1.6859072869541345e-06,3.0386943597747254e-05
2028-01-16,6.832649030901135e-06,1.5941749044040546e-06,3.052003380289225e-05
2028-01-17,7.096810744046008e-06,1.7546228926747208e-06,2.949988158914144e-05
2028-01-18,7.074262784276998e-06,1.6547373371427353e-06,3.052065277693397e-05
2028-01-19,6.836698295232032e-06,1.6174545616224799e-06,3.008576776660623e-05
2028-01-20,7.038725734899864e-06,1.6014837910148692e-06,2.8841439481136887e-05
2028-01-21,6.685834385964284e-06,1.6175745264162594e-06,2.99056217944355e-05
2028-01-22,6.460688419527417e-06,1.5760130541485278e-06,2.940602526179903e-05
2028-01-23,6.195402530551936e-06,1.588083871884626e-06,2.8742091848357784e-05
2028-01-24,6.158260597891647e-06,1.6767802977080996e-06,2.990325894676792e-05
2028-01-25,6.310708157251493e-06,1.5967349998623705e-06,2.937482593262348e-05
2028-01-26,6.40936267939248e-06,1.5001142306200226e-06,2.8386616047865934e-05
2028-01-27,6.201578276208731e-06,1.5308688864579425e-06,2.8672712018716887e-05
2028-01-28,6.295368461437749e-06,1.561228409037029e-06,2.703127483125836e-05
2028-01-29,6.164144566096012e-06,1.5053822465558012e-06,2.762440243265698e-05
2028-01-30,6.073085546810605e-06,1.5526643030715245e-06,2.8161335902903877e-05
2028-01-31,6.2995196303992336e-06,1.5813082981611409e-06,2.768587183140889e-05
2028-02-01,6.461177893299261e-06,1.515546671310246e-06,2.832922005888336e-05
2028-02-02,6.499303302853634e-06,1.4971087261138028e-06,2.9177213566568163e-05
2028-02-03,6.356661271910577e-06,1.437705563410429e-06,2.8184823994642334e-05
2028-02-04,6.356175584067032e-06,1.4053759546462124e-06,2.836612404627719e-05
2028-02-05,6.273422698421555e-06,1.4546206135421417e-06,2.775577038172993e-05
2028-02-06,6.2971033311206045e-06,1.4276331448049905e-06,2.7000631383505793e-05
2028-02-07,6.422045900552873e-06,1.4943276501667477e-06,2.8740657441619936e-05
2028-02-08,6.179291011684279e-06,1.421861369675253e-06,2.8893283070972318e-05
2028-02-09,6.038829049392923e-06,1.4186332348920397e-06,2.8195389713882544e-05
2028-02-10,5.981053696998026e-06,1.4364506666770204e-06,2.8474572119684055e-05
2028-02-11,5.998238052251699e-06,1.39164495788542e-06,2.879647802528994e-05
2028-02-12,6.036802610195899e-06,1.3806962622031271e-06,2.7644977403648558e-05
2028-02-13,6.021973519864041e-06,1.261168578276818e-06,2.6695050962861038e-05
2028-02-14,5.778654926499869e-06,1.3098444789325222e-06,2.6787854567085965e-05
2028-02-15,5.535777282183198e-06,1.3587687660808266e-06,2.7188501918911196e-05
2028-02-16,5.636560791309714e-06,1.393081637007077e-06,2.6131675568804265e-05
2028-02-17,5.435715401672394e-06,1.3491581508155478e-06,2.467258292256447e-05
2028-02-18,5.412414121669731e-06,1.3694031716859867e-06,2.555543913078095e-05
2028-02-19,5.51875731864654e-06,1.3294018475554414e-06,2.4723540768204867e-05
2028-02-20,5.618475419786282e-06,1.3412477878248148e-06,2.4987454659473434e-05
2028-02-21,5.447232145275086e-06,1.3441455166110474e-06,2.5491819366620482e-05
2028-02-22,5.461443818873238e-06,1.370334650119119e-06,2.504161966923906e-05
2028-02-23,5.449777210580563e-06,1.327840473313032e-06,2.5905290602657864e-05
2028-02-24,5.505768296569962e-06,1.323242135738959e-06,2.397348590113558e-05
2028-02-25,5.558722738010861e-06,1.310759010622961e-06,2.4993351447640558e-05
2028-02-26,5.673420989339939e-06,1.3057259512969738e-06,2.513377868560686e-05
2028-02-27,5.170339264669397e-06,1.2870240778412707e-06,2.3883043212272307e-05
2028-02-28,5.583366731966609e-06,1.2856731077089096e-06,2.365694835174486e-05
2028-02-29,5.6324293922019305e-06,1.305234434806398e-06,2.3791083215572857e-05
2028-03-01,5.383947868445599e-06,1.3069878515242628e-06,2.383245858582042e-05
2028-03-02,5.761394760284619e-06,1.3034957294396067e-06,2.3899705710351003e-05
2028-03-03,5.553357421888051e-06,1.3173108927910695e-06,2.3644421088181447e-05
2028-03-04,5.6141994430296616e-06,1.286032443608165e-06,2.346152451697423e-05
2028-03-05,5.4712071949065165e-06,1.2680151763120607e-06,2.3393435490879823e-05
2028-03-06,5.291189252009848e-06,1.2462761456343908e-06,2.419135602855754e-05
2028-03-07,5.264206546666947e-06,1.2202171406737435e-06,2.2296942424544184e-05
2028-03-08,5.3136139231598114e-06,1.2209179013031345e-06,2.2814730518213763e-05
2028-03-09,5.21071520193886e-06,1.247446480647968e-06,2.2266529723497292e-05
2028-03-10,5.4247950111914175e-06,1.2751265721474715e-06,2.0997558393900982e-05
2028-03-11,5.288437627806128e-06,1.2696131761520073e-06,2.2193255184133192e-05
2028-03-12,5.340903269403264e-06,1.2846091006375851e-06,2.2284882508166017e-05
2028-03-13,5.195732410131677e-06,1.2740199886611857e-06,2.3737291752887623e-05
2028-03-14,5.440987493976673e-06,1.246142412478444e-06,2.2391161579649627e-05
2028-03-15,5.627210382150664e-06,1.2303416196825148e-06,2.407660127007799e-05
2028-03-16,5.3236220048704855e-06,1.2293734817444957e-06,2.3634842709439195e-05
2028-03-17,5.3130853144210905e-06,1.1969287852882183e-06,2.3021147071324725e-05
2028-03-18,5.32277045419834e-06,1.2101764164715617e-06,2.285665891905131e-05
2028-03-19,5.4245630237882e-06,1.201302218838216e-06,2.2970064355701763e-05
2028-03-20,5.4766819223501065e-06,1.1603012496191912e-06,2.366088313595617e-05
2028-03-21,5.458512804701652e-06,1.2037298595199677e-06,2.3339294966101398e-05
2028-03-22,5.647030414034605e-06,1.1704531042325122e-06,2.241334567116656e-05
2028-03-23,5.727457547941368e-06,1.1237505035442353e-06,2.1923914076699925e-05
2028-03-24,5.615648801536639e-06,1.1643953795684104e-06,2.176107260968932e-05
2028-03-25,5.5822051474313336e-06,1.1699491719021333e-06,2.173764142767918e-05
2028-03-26,5.626115660556194e-06,1.1879352776236526e-06,2.22837506156825e-05
2028-03-27,5.559599288621512e-06,1.1483796620774269e-06,2.2257999374161944e-05
2028-03-28,5.516341165882429e-06,1.0898904879456344e-06,2.232388694037902e-05
2028-03-29,5.444332605793526e-06,1.0907503539390739e-06,2.1537447348810638e-05
2028-03-30,5.5243982533253525e-06,1.126917675619405e-06,2.1439607206157218e-05
2028-03-31,5.445763662368966e-06,1.0577533898893154e-06,2.193514248284073e-05
2028-04-01,5.4965758734608775e-06,1.0326410769997108e-06,2.232818685363757e-05
2028-04-02,5.598245819775449e-06,1.017763987352224e-06,2.2895075055301306e-05
2028-04-03,5.51922095531385e-06,1.0164851863629549e-06,2.2411989125600422e-05
2028-04-04,5.466464016685039e-06,9.665349198409912e-07,2.221574393574484e-05
2028-04-05,5.627879483172657e-06,9.510331145246814e-07,2.2709337132039207e-05
2028-04-06,5.678634486777396e-06,9.55758362382869e-07,2.3037692957182192e-05
2028-04-07,5.5862488086866735e-06,9.690595998926548e-07,2.1749378132523887e-05
2028-04-08,5.670774660565123e-06,9.558642561716444e-07,2.1472451594822308e-05
2028-04-09,5.493845283585747e-06,9.460434135560598e-07,2.0989688254228744e-05
2028-04-10,5.521289034892164e-06,8.800181610770966e-07,2.1314398148534635e-05
2028-04-11,5.549638069619028e-06,8.962268890246607e-07,2.1657216024792692e-05
2028-04-12,5.392523926038801e-06,8.85625290503891e-07,2.2077692986758227e-05
2028-04-13,5.228374998416609e-06,8.948101761972372e-07,2.219351680296999e-05
2028-04-14,5.3129368374620185e-06,8.933533805488177e-07,2.2488335913177688e-05
2028-04-15,5.298553714637882e-06,8.528916290657473e-07,2.1484444768267575e-05
2028-04-16,5.474613088703115e-06,8.585768609751584e-07,2.1545345054862634e-05
2028-04-17,5.333189491735429e-06,8.792815580827144e-07,2.0800974647620895e-05
2028-04-18,5.186092854982124e-06,8.8099959075721e-07,2.1437547089789224e-05
2028-04-19,5.083155794548561e-06,8.48841730663512e-07,2.085282429912448e-05
2028-04-20,5.209987331680025e-06,8.806180379740151e-07,2.0818817656929448e-05
2028-04-21,5.4254586282635385e-06,8.753613899871129e-07,2.1422858438276625e-05
2028-04-22,5.218344171189847e-06,8.817156378600703e-07,2.1560069489651457e-05
2028-04-23,5.1339521281088195e-06,8.187884044943029e-07,2.0895569763828622e-05
2028-04-24,4.954817184574317e-06,8.474570997135411e-07,2.0881338912931104e-05
2028-04-25,4.982062733949422e-06,8.642104126655811e-07,2.124726704994113e-05
2028-04-26,4.6851580507722346e-06,8.885361968282371e-07,2.0068012329434398e-05
2028-04-27,4.78154691337982e-06,8.778555541934297e-07,2.040087415107712e-05
2028-04-28,4.849020954761324e-06,9.276064847604368e-07,1.9961843138480295e-05
2028-04-29,4.957578817621024e-06,9.267075716023255e-07,1.962807715485326e-05
2028-04-30,4.817970158543157e-06,8.908724895725501e-07,1.9249405320668828e-05
2028-05-01,4.705434544967179e-06,8.563905627562819e-07,1.9220091109035446e-05
2028-05-02,4.653942566604343e-06,8.599954748927434e-07,1.841914330244359e-05
2028-05-03,4.570294182940592e-06,8.660609747809497e-07,1.8348302226121118e-05
2028-05-04,4.655675775773556e-06,8.490896572489503e-07,1.8646397933894025e-05
2028-05-05,4.670177738502823e-06,8.611525516223174e-07,1.8809656535524794e-05
2028-05-06,4.66785084294687e-06,8.684807006402211e-07,1.8020033374098936e-05
2028-05-07,4.576625370890264e-06,8.516923589855948e-07,1.8272424235672647e-05
2028-05-08,4.661835803377645e-06,7.986152144123358e-07,1.8432699967004662e-05
2028-05-09,4.5241524674587305e-06,8.329323149254142e-07,1.8186842052637807e-05
2028-05-10,4.638821147068407e-06,7.972475826452621e-07,1.850328611610051e-05
2028-05-11,4.420364785179048e-06,8.055147181524339e-07,1.8794564267430866e-05
2028-05-12,4.492031797160831e-06,7.9978990854975e-07,1.9396575729762132e-05
2028-05-13,4.497617773265151e-06,7.941808093836796e-07,1.897015629971223e-05
2028-05-14,4.4664421669145965e-06,7.932878875932589e-07,1.873996649576736e-05
2028-05-15,4.443419833389571e-06,8.005338399200209e-07,1.8879118312187782e-05
2028-05-16,4.491238128547506e-06,7.632779470522208e-07,1.8320764944131127e-05
2028-05-17,4.42640360576445e-06,7.130068052267924e-07,1.8192783706901446e-05
2028-05-18,4.449192134842144e-06,7.0549192364214e-07,1.8419636574184147e-05
2028-05-19,4.318690963108956e-06,6.896425884958791e-07,1.8547233961154582e-05
2028-05-20,4.227144860823456e-06,6.511438579364331e-07,1.8164155323906055e-05
2028-05-21,4.370011825653489e-06,6.742618754136199e-07,1.7951168320135673e-05
2028-05-22,4.4351005822741065e-06,7.271466581494977e-07,1.7568939428487294e-05
2028-05-23,4.287647016193464e-06,7.031325451042844e-07,1.71802147370475e-05
2028-05-24,4.164844814993784e-06,6.7381521596994e-07,1.7586101319278028e-05
2028-05-25,4.190538997154589e-06,6.8549882421534e-07,1.7082932520771746e-05
2028-05-26,4.265555851973394e-06,6.611223427812597e-07,1.7110574847546324e-05
2028-05-27,4.168778732823367e-06,6.616233035717412e-07,1.715989528584562e-05
2028-05-28,4.2813715378857565e-06,6.786685253385046e-07,1.7058518958465073e-05
2028-05-29,4.226396676555183e-06,6.683884785072054e-07,1.7994450642301667e-05
2028-05-30,4.2186057281619825e-06,6.909201947304489e-07,1.8257067346329575e-05
2028-05-31,4.159428064331607e-06,6.76056364541765e-07,1.8242269750291364e-05
2028-06-01,4.099972797636568e-06,6.448152940014049e-07,1.8069683833185003e-05
2028-06-02,4.072492584437872e-06,6.366546038927454e-07,1.7640048430124955e-05
2028-06-03,4.057222424809575e-06,6.532151543576777e-07,1.7878202955821468e-05
2028-06-04,4.029903527243966e-06,6.407045547901776e-07,1.7904236430824534e-05
2028-06-05,4.258328870675272e-06,5.946131476059441e-07,1.7584747553445327e-05
2028-06-06,4.20348508511774e-06,6.06214538376425e-07,1.814538650951918e-05
2028-06-07,3.973614024385018e-06,6.026617318494103e-07,1.7960214863594457e-05
2028-06-08,4.018547571623082e-06,6.03083139280115e-07,1.8782839882627138e-05
2028-06-09,3.955809828319621e-06,6.06696154132464e-07,1.792934232657066e-05
2028-06-10,3.834841201186163e-06,6.111905415311738e-07,1.827603019066458e-05
2028-06-11,3.945212769481445e-06,5.845036363759142e-07,1.8106286038199856e-05
2028-06-12,3.831333818654767e-06,5.803310285591548e-07,1.7708901841178732e-05
2028-06-13,3.87644435489605e-06,5.689989419183981e-07,1.729382576561683e-05
2028-06-14,3.89881983783993e-06,5.741144536583565e-07,1.6436107620186654e-05
2028-06-15,3.817733352748129e-06,5.982123477519457e-07,1.6708754976604796e-05
2028-06-16,3.7891173149229226e-06,6.022573120974134e-07,1.6220763063519276e-05
2028-06-17,3.7037221640095204e-06,5.892160114223972e-07,1.6089685852308216e-05
2028-06-18,3.6976721446736855e-06,5.799410940987263e-07,1.6850300332173427e-05
2028-06-19,3.7400621645518025e-06,5.77927878468499e-07,1.6678777395844592e-05
2028-06-20,3.6614539991027486e-06,5.857140843113539e-07,1.7147890547121096e-05
2028-06-21,3.6749211799108493e-06,5.873375116039594e-07,1.6413612603593413e-05
2028-06-22,3.622889450642644e-06,5.843514775065883e-07,1.7017345109333624e-05
2028-06-23,3.4787002535576333e-06,5.773507874718561e-07,1.668326841219282e-05
2028-06-24,3.669699210815233e-06,5.601805365623961e-07,1.704630577016257e-05
2028-06-25,3.622888019175478e-06,5.532497772105228e-07,1.6709961505257045e-05
2028-06-26,3.6083223422162032e-06,5.596277113935194e-07,1.6586567173871725e-05
2028-06-27,3.4816993158923604e-06,5.550497372362226e-07,1.6179570914928308e-05
2028-06-28,3.526288758183029e-06,5.183416584934779e-07,1.6694002057951025e-05
2028-06-29,3.44556101305789e-06,5.212712160442402e-07,1.6192559656004682e-05
2028-06-30,3.349874279059135e-06,5.183195371880703e-07,1.681581052718428e-05
2028-07-01,3.4459655598585024e-06,5.209682913540629e-07,1.6387697586029446e-05
2028-07-02,3.4974988230134446e-06,5.254021454972637e-07,1.629582882322678e-05
2028-07-03,3.473155518009663e-06,5.606678506479788e-07,1.6381616164545386e-05
2028-07-04,3.4350236767742686e-06,5.530890835673672e-07,1.7261299868088517e-05
2028-07-05,3.3644612630466244e-06,5.724268495758261e-07,1.6680778952823603e-05
2028-07-06,3.453521132442966e-06,5.63500663427782e-07,1.6615187850572204e-05
2028-07-07,3.507173966113582e-06,5.545310011532394e-07,1.757048450450624e-05
2028-07-08,3.4722097386976726e-06,5.373497602735974e-07,1.645466840951694e-05
2028-07-09,3.5323483825996278e-06,5.315214035669794e-07,1.641107748983218e-05
2028-07-10,3.5668949900361267e-06,5.03653757169897e-07,1.60488583744337e-05
2028-07-11,3.5072198759868157e-06,5.154390546169134e-07,1.5546617861972702e-05
2028-07-12,3.5829369836210632e-06,5.127090651733043e-07,1.552388143490132e-05
2028-07-13,3.4732144103906258e-06,4.85238042731074e-07,1.5963511784509397e-05
2028-07-14,3.3084785495899807e-06,5.11662441713237e-07,1.5646531382665997e-05
2028-07-15,3.294501902494607e-06,5.237201112946249e-07,1.5221051483869365e-05
2028-07-16,3.347035711971617e-06,5.223027236268732e-07,1.5001417649649319e-05
2028-07-17,3.3138858981892513e-06,5.416342368726052e-07,1.5117850365633215e-05
2028-07-18,3.4354143472517126e-06,5.106872305820869e-07,1.4352335443217664e-05
2028-07-19,3.430914877459761e-06,4.929097143478416e-07,1.4125900661692252e-05
2028-07-20,3.414924761959332e-06,5.159143373288893e-07,1.4064748985726197e-05
2028-07-21,3.459381184770622e-06,4.908011201556642e-07,1.435849377108064e-05
2028-07-22,3.4256890439499934e-06,4.995913934292141e-07,1.3877678280843048e-05
2028-07-23,3.4192401455872044e-06,5.016996270576955e-07,1.3873941052405629e-05
2028-07-24,3.4416123725492287e-06,5.166505359031942e-07,1.4692051784023227e-05
2028-07-25,3.4366255069285423e-06,5.309279747570593e-07,1.539039927668997e-05
2028-07-26,3.174910450129277e-06,5.313147290016889e-07,1.4383427195805814e-05
2028-07-27,3.2053675786518916e-06,4.947837717011893e-07,1.4924549236236483e-05
2028-07-28,3.177193664625975e-06,5.054599576931567e-07,1.4299844184385912e-05
2028-07-29,3.1626380519345425e-06,5.222715542742472e-07,1.3693132405236918e-05
2028-07-30,3.019998240052612e-06,4.937549033242314e-07,1.2917085394709342e-05
2028-07-31,3.017157602617042e-06,5.130422524901808e-07,1.2894557484765493e-05
2028-08-01,3.044593667731123e-06,5.144007985051364e-07,1.3136227120653577e-05
2028-08-02,3.043001548128281e-06,5.107236778560761e-07,1.335792358542323e-05
2028-08-03,3.039106694025833e-06,5.142778074755945e-07,1.3092124083743161e-05
2028-08-04,3.0196573792829117e-06,5.063404151429448e-07,1.3220456807989614e-05
2028-08-05,2.9101153984017118e-06,5.273472840051234e-07,1.2685993875477241e-05
2028-08-06,2.8634980776434006e-06,5.197711823594479e-07,1.3296004770036426e-05
2028-08-07,2.8722798812643266e-06,5.039447052839994e-07,1.3645354566075172e-05
2028-08-08,2.9340620818885803e-06,5.113271211215552e-07,1.3815356261978195e-05
2028-08-09,2.834894933118428e-06,4.906466400333861e-07,1.373592906545816e-05
2028-08-10,2.8265478053491187e-06,4.7558349541838854e-07,1.3310987377721496e-05
2028-08-11,2.7486030052544326e-06,4.849226464505188e-07,1.3246172832635454e-05
2028-08-12,2.7465843829735055e-06,4.828361695301758e-07,1.2810131294938352e-05
2028-08-13,2.7365865653732337e-06,4.847045890831293e-07,1.2866561147228402e-05
2028-08-14,2.7613681234220325e-06,4.83790808397966e-07,1.2419530800045842e-05
2028-08-15,2.688792903509126e-06,4.801297161857316e-07,1.3159905356170564e-05
2028-08-16,2.678309596397119e-06,4.545606797581556e-07,1.3106150978458081e-05
2028-08-17,2.7354819146249275e-06,4.721665704196027e-07,1.2706413588113718e-05
2028-08-18,2.8286428476050035e-06,4.779610538295445e-07,1.2687821230859326e-05
2028-08-19,2.8728237415371335e-06,4.557362180810188e-07,1.261250910849205e-05
2028-08-20,2.8575978461038123e-06,4.2286167734161083e-07,1.2113744125187708e-05
2028-08-21,2.843657960134925e-06,4.225126362998751e-07,1.2214944386429394e-05
2028-08-22,2.813730927836209e-06,4.2270240117815837e-07,1.1970171974418749e-05
2028-08-23,2.789908020526242e-06,4.123070611534039e-07,1.2024146388509608e-05
2028-08-24,2.7518292022550436e-06,4.265417026367023e-07,1.2560063257406205e-05
2028-08-25,2.753919350932508e-06,4.417712311757885e-07,1.2374348978120382e-05
2028-08-26,2.6726339703715152e-06,4.2943728340177907e-07,1.2342167422026502e-05
2028-08-27,2.722998515898164e-06,4.503336983380854e-07,1.2055048739993274e-05
2028-08-28,2.639541683208823e-06,4.152560376250326e-07,1.1643613085937703e-05
2028-08-29,2.631605433885265e-06,4.135259357468141e-07,1.163506643010242e-05
2028-08-30,2.596453499923756e-06,4.0760869842722285e-07,1.1668446840569468e-05
2028-08-31,2.5587123955873093e-06,4.00690888668396e-07,1.1972458468805646e-05
2028-09-01,2.5188034384474277e-06,3.859181142193827e-07,1.1284348282407433e-05
2028-09-02,2.5246900076878556e-06,3.923406097372273e-07,1.078597261613625e-05
2028-09-03,2.498852528356431e-06,3.98483594775915e-07,1.047199012879299e-05
2028-09-04,2.4933906534511878e-06,4.1809190928918726e-07,1.0844515322809998e-05
2028-09-05,2.5502840956212643e-06,3.93645718067511e-07,1.0914661011611366e-05
2028-09-06,2.4713096181322882e-06,3.8367373752109085e-07,1.060979529279288e-05
2028-09-07,2.4242278491142488e-06,3.769860044390772e-07,1.1371602260664628e-05
2028-09-08,2.469868416525217e-06,3.6535072737555494e-07,1.0698229537317113e-05
2028-09-09,2.4375006460339118e-06,3.735074755006879e-07,1.0948535956759009e-05
2028-09-10,2.378931492398467e-06,3.613953201518562e-07,1.1219555875695663e-05
2028-09-11,2.302931158064224e-06,3.627709336745804e-07,1.1170038002700745e-05
2028-09-12,2.2158856934550887e-06,3.690962796044656e-07,1.094479855497379e-05
2028-09-13,2.314147277210962e-06,3.6222593943584935e-07,1.0826552085529161e-05
2028-09-14,2.3253150586187794e-06,3.5208589199406156e-07,1.1195254526841764e-05
2028-09-15,2.3047861438674877e-06,3.696272990266633e-07,1.1010203775192293e-05
2028-09-16,2.3942669692550908e-06,3.86882003260314e-07,1.0955215184514289e-05
2028-09-17,2.350879803890337e-06,3.862804077931326e-07,1.1214109630770226e-05
2028-09-18,2.334527631970515e-06,3.636444326437538e-07,1.0836606579201689e-05
2028-09-19,2.2510188740490184e-06,3.649930013090501e-07,1.053701306905457e-05
2028-09-20,2.2641958989178292e-06,3.70607232078226e-07,1.071165207470331e-05
2028-09-21,2.199452878119559e-06,3.698529101857985e-07,1.0797994840889327e-05
2028-09-22,2.102889947923557e-06,3.495799032376301e-07,1.0199277584976772e-05
2028-09-23,2.1410770712352398e-06,3.6459750820830047e-07,1.0603158772635281e-05
2028-09-24,2.084688696970777e-06,3.3585083467124183e-07,1.047757545761654e-05
2028-09-25,2.042294646560233e-06,3.4231028254487164e-07,1.0277904038222226e-05
2028-09-26,2.083364819322197e-06,3.4126811563170455e-07,1.0512651623442164e-05
2028-09-27,2.092886824930006e-06,3.387963695057135e-07,1.0618508575905689e-05
2028-09-28,2.1322800862366685e-06,3.383118510487773e-07,1.0748747129995125e-05
2028-09-29,2.0236272652216775e-06,3.4446010337176107e-07,1.0802607796490372e-05
2028-09-30,1.9949644285435348e-06,3.918448767148123e-07,1.0992786433832792e-05
2028-10-01,1.9475624075548653e-06,3.7266646734433976e-07,1.0865640779412531e-05
2028-10-02,1.9381206004778853e-06,3.6986621300228137e-07,1.075919113766327e-05
2028-10-03,1.954046791232444e-06,3.647620476835115e-07,1.0456885002137678e-05
2028-10-04,1.9455531053426376e-06,3.686210493793662e-07,1.0444074461545076e-05
2028-10-05,1.9535198167125918e-06,3.530398466235872e-07,1.0737186590634978e-05
2028-10-06,1.966248591944553e-06,3.529708726817389e-07,1.058842818787504e-05
2028-10-07,1.973901692289989e-06,3.6700163629630393e-07,1.0631464707434546e-05
2028-10-08,1.9812721200411777e-06,3.5471835430836886e-07,1.1136900146438622e-05
2028-10-09,1.9325976517588674e-06,3.3263583270183373e-07,1.0993346006115011e-05
2028-10-10,1.908523428381441e-06,3.4595378603253996e-07,1.116513249384829e-05
2028-10-11,1.9106307634938967e-06,3.5370098759280043e-07,1.0949443397409175e-05
2028-10-12,1.9258158892780146e-06,3.5696154754744453e-07,1.0752642866947611e-05
2028-10-13,1.909638856878956e-06,3.3325647429239315e-07,1.1054654658505441e-05
2028-10-14,1.863833159723789e-06,3.20331581727585e-07,1.1107233687138361e-05
2028-10-15,1.7889601403920678e-06,3.1654011007979747e-07,1.1149058845419085e-05
2028-10-16,1.7529101634857775e-06,3.3024607002047715e-07,1.1094980592596827e-05
2028-10-17,1.7534192074531926e-06,3.4402554640207276e-07,1.1101214273814604e-05
2028-10-18,1.7311585110977751e-06,3.4655394573309834e-07,1.1066902984265815e-05
2028-10-19,1.7933594487995787e-06,3.1901606490568185e-07,1.1312150349781346e-05
2028-10-20,1.7026286255716466e-06,3.0536641780302944e-07,1.1303157489179543e-05
2028-10-21,1.7123977028327344e-06,2.9331189510224303e-07,1.0552290488192946e-05
2028-10-22,1.7623735687765646e-06,2.916331944003724e-07,1.0365530457731634e-05
2028-10-23,1.7321464399730544e-06,2.930752284533622e-07,9.817374364913197e-06
2028-10-24,1.7328462470365462e-06,2.9376508214186057e-07,1.005921327539145e-05
2028-10-25,1.6881990920118395e-06,2.9705077173362886e-07,1.0215755993514002e-05
2028-10-26,1.705313698805361e-06,2.975407285848396e-07,1.0165090728548787e-05
2028-10-27,1.7400944128738893e-06,2.9480613112266437e-07,1.0152124134332556e-05
2028-10-28,1.7026173269773252e-06,2.8766249499228646e-07,1.0452350704009366e-05
2028-10-29,1.7398211917854724e-06,2.8664963583567835e-07,1.0356067957640844e-05
2028-10-30,1.7656154924498037e-06,2.846390303945999e-07,1.0310762809939083e-05
2028-10-31,1.7457749100135812e-06,2.784826875480958e-07,1.0244062759407721e-05
2028-11-01,1.7479790467112888e-06,3.011044677975512e-07,1.0035555172262091e-05
2028-11-02,1.6719523378144493e-06,3.0170891677285547e-07,1.0148639709635153e-05
2028-11-03,1.7202397497309464e-06,3.1096657701234737e-07,1.0027859387539058e-05
2028-11-04,1.6496954361624008e-06,2.969781680233147e-07,1.0441357386157893e-05
2028-11-05,1.6591113580593722e-06,3.03721627761121e-07,1.0257303089030926e-05
2028-11-06,1.6304151140667458e-06,2.7886017337379166e-07,9.551162760837625e-06
2028-11-07,1.6074745168305871e-06,2.934326541987835e-07,9.606996962541018e-06
2028-11-08,1.6121386460040738e-06,2.9530407183434884e-07,9.667184173266353e-06
2028-11-09,1.6595398106929339e-06,2.92816512783249e-07,9.445609276537481e-06
2028-11-10,1.558367713388802e-06,3.0217413588411936e-07,9.55052737170648e-06
2028-11-11,1.5045625468091581e-06,3.105771824233417e-07,9.917889566288978e-06
2028-11-12,1.4739719558599165e-06,3.0468924292019993e-07,9.371639620988292e-06
