Price,Price_in_BTC
2014-09-17,2.6991213953416677
2014-09-18,2.8878049762547584
2014-09-19,3.078298867367388
2014-09-22,3.0257216784971175
2014-09-23,2.801801876876882
2014-09-24,2.879455616664507
2014-09-25,2.9671454852820127
2014-09-26,3.002039963483793
2014-09-29,3.2426284226276474
2014-09-30,3.128359657305037
2014-10-01,3.166195290866659
2014-10-02,3.2372450633866756
2014-10-03,3.3161618333500416
2014-10-06,3.655791233547913
2014-10-07,3.604243795669205
2014-10-08,3.415028164817402
2014-10-09,3.3548294431348364
2014-10-10,3.3770140679209
2014-10-13,3.1487089198024623
2014-10-14,3.0773068341653147
2014-10-15,3.1514311851911287
2014-10-16,3.2426625142244943
2014-10-17,3.2267732868325374
2014-10-20,3.2493567789405633
2014-10-21,3.2369492987728297
2014-10-22,3.248790532715173
2014-10-23,3.4275718695762345
2014-10-24,3.43579496568332
2014-10-27,3.48197798792815
2014-10-28,3.437186919370663
2014-10-29,3.648190912028995
2014-10-30,3.4696862223213634
2014-10-31,3.461505273764821
2014-11-03,3.5700985969910994
2014-11-04,3.532309432274362
2014-11-05,3.3739242559314193
2014-11-06,3.270348480870488
2014-11-07,3.4157380558641495
2014-11-10,3.1603273159945386
2014-11-11,3.1624036923700034
2014-11-12,2.736087627808627
2014-11-13,2.7596943824762574
2014-11-14,2.978749127396304
2014-11-17,3.0536282989952017
2014-11-18,3.189515822049686
2014-11-19,3.136471728286693
2014-11-20,3.327464686333039
2014-11-21,3.413159053204225
2014-11-24,3.171920469572703
2014-11-25,3.1893069931930844
2014-11-26,3.248364392993707
2014-11-28,3.1218205467752806
2014-12-01,3.21164422914437
2014-12-02,3.144906293992843
2014-12-03,3.2225806472613687
2014-12-04,3.267010062765127
2014-12-05,3.1579868151858586
2014-12-08,3.3011059754108127
2014-12-09,3.4964042839447727
2014-12-10,3.5479914513949633
2014-12-11,3.4952324176272427
2014-12-12,3.4662537430436866
2014-12-15,3.4956346462370758
2014-12-16,3.650378159603358
2014-12-17,3.734802002591994
2014-12-18,3.836593810320523
2014-12-19,3.7625496647697054
2014-12-22,3.5545337850015266
2014-12-23,3.5206175538195543
2014-12-24,3.638376147742117
2014-12-26,3.6450519263380636
2014-12-29,3.7793836966236434
2014-12-30,3.862430135638264
2014-12-31,3.6974576261493906
2015-01-02,3.7646967650488925
2015-01-05,4.386207905657616
2015-01-06,4.260471466726723
2015-01-07,4.112972383664418
2015-01-08,4.264705464211322
2015-01-09,4.187212624850398
2015-01-12,4.6031307310345735
2015-01-13,5.464865958214098
2015-01-14,6.930821190049004
2015-01-15,6.026857982527478
2015-01-16,6.136080883746662
2015-01-20,6.124505767311684
2015-01-21,5.701705765504353
2015-01-22,5.572692726491087
2015-01-23,5.550521892407251
2015-01-26,4.678341416175557
2015-01-27,4.902552125435322
2015-01-28,5.497296288490177
2015-01-29,5.3727200325572415
2015-01-30,5.646461224548384
2015-02-02,5.357030127507466
2015-02-03,5.542794944299258
2015-02-04,5.571008831752498
2015-02-05,5.812695091416673
2015-02-06,5.551456311346127
2015-02-09,5.637181615498897
2015-02-10,5.602281443614028
2015-02-11,5.561512026725873
2015-02-12,5.501794402817321
2015-02-13,5.209682788400813
2015-02-17,4.959155915434953
2015-02-18,5.076461881986157
2015-02-19,5.023659400247168
2015-02-20,4.940540366634304
2015-02-23,5.024446433596879
2015-02-24,5.013508791564117
2015-02-25,5.057480918963731
2015-02-26,5.11618858254336
2015-02-27,4.777250585396749
2015-03-02,4.380962354791875
2015-03-03,4.274020126725593
2015-03-04,4.396320395446076
2015-03-05,4.330178309998198
2015-03-06,4.268433575368315
2015-03-09,4.0275271179435865
2015-03-10,3.9762131092532607
2015-03-11,3.8825286531867027
2015-03-12,3.91399457896579
2015-03-13,4.0394339076375285
2015-03-16,3.9687814234409853
2015-03-17,4.0219962143901915
2015-03-18,4.492409154784848
2015-03-19,4.480546108935241
2015-03-20,4.526474144603859
2015-03-23,4.453775374874035
2015-03-24,4.8522972586928095
2015-03-25,4.863178749342955
2015-03-26,4.848872526805811
2015-03-27,4.856919693775386
2015-03-30,4.786568054078126
2015-03-31,4.844323163639617
2015-04-01,4.885712737712015
2015-04-02,4.746546515829987
2015-04-06,4.769620789009792
2015-04-07,4.781578365618388
2015-04-08,4.9101711683110025
2015-04-09,4.898307591635331
2015-04-10,5.102680300157421
2015-04-13,5.34002421708575
2015-04-14,5.44262415611882
2015-04-15,5.367841381612625
2015-04-16,5.241214011439435
2015-04-17,5.39702624703092
2015-04-20,5.313276122895792
2015-04-21,5.112870963743829
2015-04-22,5.068410299943481
2015-04-23,5.051128705884205
2015-04-24,5.081550079900346
2015-04-27,5.248031159911163
2015-04-28,5.375130163002961
2015-04-29,5.35764922421807
2015-04-30,5.007093112373554
2015-05-01,5.060776832734268
2015-05-04,4.965316512392141
2015-05-05,5.053341041535241
2015-05-06,5.1801275158305735
2015-05-07,4.982008588059564
2015-05-08,4.8760982332034315
2015-05-11,4.886065824422795
2015-05-12,4.946248954847118
2015-05-13,5.154477931765531
2015-05-14,5.172013641194693
2015-05-15,5.157719837697678
2015-05-18,5.266634712801712
2015-05-19,5.20334383294545
2015-05-20,5.165841929543204
2015-05-21,5.117615296757468
2015-05-22,5.010651275403459
2015-05-26,5.006831949838715
2015-05-27,4.9978295984991945
2015-05-28,5.004464684260729
2015-05-29,5.016533637510303
2015-06-01,5.330468748181856
2015-06-02,5.288238015032207
2015-06-03,5.244959527464862
2015-06-04,5.2375135855351
2015-06-05,5.191330018733653
2015-06-08,5.134601487686699
2015-06-09,5.139970781212839
2015-06-10,5.18393555966912
2015-06-11,5.13658829807226
2015-06-12,5.125618858685916
2015-06-15,5.0050039844251755
2015-06-16,4.705155463031974
2015-06-17,4.719115709567612
2015-06-18,4.825165484266333
2015-06-19,4.911980843515851
2015-06-22,4.79250141643742
2015-06-23,4.8146507756969426
2015-06-24,4.875371509309724
2015-06-25,4.824978766125725
2015-06-26,4.814979238515035
2015-06-29,4.584461539794809
2015-06-30,4.453153662215065
2015-07-01,4.5201278707764585
2015-07-02,4.5534273578664894
2015-07-06,4.359736942853983
2015-07-07,4.328962128131251
2015-07-08,4.296028336486878
2015-07-09,4.304901472592069
2015-07-10,4.063616294394021
2015-07-13,3.9554329272912034
2015-07-14,4.011980950399273
2015-07-15,4.013588232813317
2015-07-16,4.113072048917851
2015-07-17,4.049779978418251
2015-07-20,3.9669368185105336
2015-07-21,4.000246501187808
2015-07-22,3.9369172865287467
2015-07-23,3.9630643671700656
2015-07-24,3.765809109900666
2015-07-27,3.7343678528990005
2015-07-28,3.7235037600344287
2015-07-29,3.7732655305431337
2015-07-30,3.782818420814262
2015-07-31,3.846478299283692
2015-08-03,3.873739236044269
2015-08-04,3.8240924508745593
2015-08-05,3.85161165085963
2015-08-06,3.9134600753625137
2015-08-07,3.9133001020254348
2015-08-10,4.175142534409443
2015-08-11,4.096366052942616
2015-08-12,4.216595794358528
2015-08-13,4.224856134134054
2015-08-14,4.188874040553644
2015-08-17,4.336061953131526
2015-08-18,5.292331323179988
2015-08-19,4.976530972781771
2015-08-20,4.899086339912259
2015-08-21,4.986047041388322
2015-08-24,5.479465313519391
2015-08-25,5.1360729230349955
2015-08-26,4.979830081769939
2015-08-27,4.993571348513804
2015-08-28,4.896800267567562
2015-08-31,4.918802277648995
2015-09-01,4.9916489065184555
2015-09-02,4.939289339344815
2015-09-03,4.946232587004946
2015-09-04,4.8658692450246175
2015-09-08,4.599211225937092
2015-09-09,4.627825545671106
2015-09-10,4.652440179619343
2015-09-11,4.595867778468919
2015-09-14,4.802639412496522
2015-09-15,4.788453716550423
2015-09-16,4.885394600720888
2015-09-17,4.861842655662757
2015-09-18,4.885073272968415
2015-09-21,4.9897612879993964
2015-09-22,4.878196925044765
2015-09-23,4.91395349284086
2015-09-24,4.9196475258802925
2015-09-25,4.873609420964301
2015-09-28,4.733589282056813
2015-09-29,4.761985205962099
2015-09-30,4.725493567469498
2015-10-01,4.690400591315101
2015-10-02,4.791965962315275
2015-10-05,4.734527801017409
2015-10-06,4.660595182247783
2015-10-07,4.7289984636269455
2015-10-08,4.724230500260239
2015-10-09,4.740275118723814
2015-10-12,4.748724178545026
2015-10-13,4.672395551890574
2015-10-14,4.683140863361811
2015-10-15,4.670887032885593
2015-10-16,4.502623091541129
2015-10-19,4.453816269677249
2015-10-20,4.371657498433707
2015-10-21,4.384989640926324
2015-10-22,4.257306619998739
2015-10-23,4.207294281232213
2015-10-26,4.090431300147293
2015-10-27,3.9715715792661044
2015-10-28,3.8641837686740055
2015-10-29,3.655190807904126
2015-10-30,3.4800236239900353
2015-11-02,3.144614214206298
2015-11-03,2.761906346904737
2015-11-04,2.688531358519174
2015-11-05,2.8585183879239637
2015-11-06,2.904371437072562
2015-11-09,2.8609599750759633
2015-11-10,3.2308152164310853
2015-11-11,3.48683924356074
2015-11-12,3.196195861853615
2015-11-13,3.209474239586643
2015-11-16,3.2764826953633444
2015-11-17,3.189254268530358
2015-11-18,3.1943574539771404
2015-11-19,3.3052379236941216
2015-11-20,3.3426288073645067
2015-11-23,3.3023163322979934
2015-11-24,3.3567052312103813
2015-11-25,3.261671086768575
2015-11-27,2.9499331760470224
2015-11-30,2.8246506506158378
2015-12-01,2.9347179202706313
2015-12-02,2.9349612229223165
2015-12-03,2.9406224708397732
2015-12-04,2.9860978031609857
2015-12-07,2.7213704825365848
2015-12-08,2.5899805304597843
2015-12-09,2.5806884370223897
2015-12-10,2.5828019358303727
2015-12-11,2.3828490906674706
2015-12-14,2.3969902760269424
2015-12-15,2.2842295781005832
2015-12-16,2.3695745373216046
2015-12-17,2.303991953302173
2015-12-18,2.299747975367451
2015-12-21,2.466492960604865
2015-12-22,2.461907935156262
2015-12-23,2.417264025292558
2015-12-24,2.3675505474967116
2015-12-28,2.5350538886445397
2015-12-29,2.488550348967757
2015-12-30,2.4848811300903524
2015-12-31,2.4625669944451056
2016-01-04,2.4823881519154454
2016-01-05,2.496527562150883
2016-01-06,2.544598633104408
2016-01-07,2.418305376587089
2016-01-08,2.42216980830345
2016-01-11,2.4452085461031303
2016-01-12,2.491679794125949
2016-01-13,2.5152010529694064
2016-01-14,2.4956659331344575
2016-01-15,2.995902130252317
2016-01-19,2.867033879378539
2016-01-20,2.634509546301671
2016-01-21,2.6790197318920383
2016-01-22,2.8685565673685027
2016-01-25,2.8239124131218274
2016-01-26,2.8603629396571377
2016-01-27,2.825769974476223
2016-01-28,2.9335583498043145
2016-01-29,2.941967110492622
2016-02-01,3.0234067409509535
2016-02-02,3.010565030947247
2016-02-03,3.0850199162894683
2016-02-04,2.9712983079716024
2016-02-05,2.9952218611104398
2016-02-08,3.2076842320054135
2016-02-09,3.1877859889343347
2016-02-10,3.130363219715791
2016-02-11,3.2869403501562875
2016-02-12,3.2246143240734044
2016-02-16,2.964259082167496
2016-02-17,2.909046367628769
2016-02-18,2.9028844568455723
2016-02-19,2.924058637322718
2016-02-22,2.763005288715395
2016-02-23,2.9051473389853117
2016-02-24,2.914896848636528
2016-02-25,2.9165408830620057
2016-02-26,2.8226180281181295
2016-02-29,2.819073582590986
2016-03-01,2.827476572981973
2016-03-02,2.927198431010348
2016-03-03,2.9820871324907756
2016-03-04,3.0902397649010456
2016-03-07,3.048843547045473
2016-03-08,3.0487569732593367
2016-03-09,3.0289736777603746
2016-03-10,3.049401659239763
2016-03-11,2.984893983458313
2016-03-14,2.988200066833555
2016-03-15,2.9518030469258205
2016-03-16,2.947884082509161
2016-03-17,3.0062692861136933
2016-03-18,3.0614239017698046
2016-03-21,3.0093853437182405
2016-03-22,2.9854886955709294
2016-03-23,2.9272248290617413
2016-03-24,2.9332795090498305
2016-03-28,2.8755561479903786
2016-03-29,2.966512694971629
2016-03-30,2.9576968975458944
2016-03-31,2.9616367941827453
2016-04-01,2.92420321599905
2016-04-04,2.8900636841298444
2016-04-05,2.8969649033096636
2016-04-06,2.8872519648962043
2016-04-07,2.9242213756526976
2016-04-08,2.955877147053041
2016-04-11,2.974557428555475
2016-04-12,2.961969983260872
2016-04-13,2.9424120390789543
2016-04-14,2.8872305745726083
2016-04-15,2.869589561301616
2016-04-18,2.8782684791516986
2016-04-19,2.8770932225819243
2016-04-20,2.839218760965151
2016-04-21,2.7791067117419868
2016-04-22,2.756558132974939
2016-04-25,2.684937645862201
2016-04-26,2.665156182191561
2016-04-27,2.809166713333092
2016-04-28,2.818416561137787
2016-04-29,2.8328026641599746
2016-05-02,2.911603760752414
2016-05-03,2.8662858701204246
2016-05-04,2.850318748511598
2016-05-05,2.8380984405363807
2016-05-06,2.813080056793135
2016-05-09,2.748418445173727
2016-05-10,2.803091751316267
2016-05-11,2.8153769692209454
2016-05-12,2.793304849919862
2016-05-13,2.7912743584909516
2016-05-16,2.8038392386836377
2016-05-17,2.8123574058440597
2016-05-18,2.801686653413399
2016-05-19,2.858803463845836
2016-05-20,2.8291573044823286
2016-05-23,2.81680939992666
2016-05-24,2.7554986843010134
2016-05-25,2.72131388783679
2016-05-26,2.6910962194494568
2016-05-27,2.5636586443054314
2016-05-31,2.2860972627870533
2016-06-01,2.2571333960145266
2016-06-02,2.2488160775427373
2016-06-03,2.178694858945316
2016-06-06,2.125570207468897
2016-06-07,2.1581799022225656
2016-06-08,2.165925962614453
2016-06-09,2.210465761235204
2016-06-10,2.2051363517025413
2016-06-13,1.8234580212150326
2016-06-14,1.8752579080908378
2016-06-15,1.8514866173676283
2016-06-16,1.6913564828568903
2016-06-17,1.7258438687462434
2016-06-20,1.7498026072484059
2016-06-21,1.9057919916326282
2016-06-22,2.1271026793416246
2016-06-23,2.021228301519704
2016-06-24,1.9840702867702502
2016-06-27,2.018236543018804
2016-06-28,2.032918181694688
2016-06-29,2.0689493414605438
2016-06-30,1.9580092482264926
2016-07-01,1.976501281448001
2016-07-05,2.022584828487289
2016-07-06,2.015115264479732
2016-07-07,2.1232916574876644
2016-07-08,2.035338547530643
2016-07-11,2.0921503555897543
2016-07-12,2.007520754033522
2016-07-13,2.0511315883420047
2016-07-14,2.0230125348383177
2016-07-15,1.9999849081189718
2016-07-18,1.973537583618822
2016-07-19,1.9788545277282605
2016-07-20,1.981117275685703
2016-07-21,2.0007157045757276
2016-07-22,2.033601751336946
2016-07-25,2.0169792543897507
2016-07-26,2.0262847171726412
2016-07-27,2.027349188776356
2016-07-28,2.0339372757951315
2016-07-29,2.0532974388983734
2016-08-01,2.229032654261081
2016-08-02,2.4922140364854126
2016-08-03,2.3944346255480022
2016-08-04,2.3496902852833026
2016-08-05,2.324000040333259
2016-08-08,2.255969823506797
2016-08-09,2.277981735588439
2016-08-10,2.2703819888556005
2016-08-11,2.2788226696208986
2016-08-12,2.2734738147046607
2016-08-15,2.3628447780529953
2016-08-16,2.338775073168004
2016-08-17,2.342397879971306
2016-08-18,2.3527034974610044
2016-08-19,2.3285791446659263
2016-08-22,2.279834908935595
2016-08-23,2.2978497743043986
2016-08-24,2.282731985496705
2016-08-25,2.2848548220184246
2016-08-26,2.279820094804655
2016-08-29,2.304274354415703
2016-08-30,2.2713301441616505
2016-08-31,2.2710054681889535
2016-09-01,2.29284138023414
2016-09-02,2.297159009323621
2016-09-06,2.2105512807578713
2016-09-07,2.1874756485178954
2016-09-08,2.1343859866934474
2016-09-09,2.13546830926741
2016-09-12,2.1718294190941445
2016-09-13,2.164988797116353
2016-09-14,2.1639668872365223
2016-09-15,2.163368392947545
2016-09-16,2.1513312791626773
2016-09-19,2.156010849991109
2016-09-20,2.159582460750845
2016-09-21,2.2220585711585885
2016-09-22,2.2478694942529724
2016-09-23,2.2181599748829677
2016-09-26,2.203297933774917
2016-09-27,2.187354602925019
2016-09-28,2.1818072997368554
2016-09-29,2.1821285140966946
2016-09-30,2.1538866563001946
2016-10-03,2.138424181341917
2016-10-04,2.0752077852424717
2016-10-05,2.0655955230394865
2016-10-06,2.0387556980788824
2016-10-07,2.0237523625469915
2016-10-11,1.9545385822621486
2016-10-12,1.966544601218224
2016-10-13,1.9708347526938776
2016-10-14,1.956812997542021
2016-10-17,1.962474616945768
2016-10-18,1.9762994629813408
2016-10-19,2.010879885077499
2016-10-20,2.0061598529638416
2016-10-21,2.000385600121293
2016-10-24,1.9303690896088401
2016-10-25,1.9341897964362467
2016-10-26,1.8646506858023602
2016-10-27,1.8420399527547324
2016-10-28,1.8494861867725287
2016-10-31,1.8139098672366991
2016-11-01,1.762691574065548
2016-11-02,1.7639699377363598
2016-11-03,1.89066350008211
2016-11-04,1.8532923929781122
2016-11-07,1.8180112703902345
2016-11-08,1.7939051516962379
2016-11-09,1.7595015402817107
2016-11-10,1.7686091870477867
2016-11-14,1.7321469260320954
2016-11-15,1.7200214835263516
2016-11-16,1.6439173816979333
2016-11-17,1.641751386121789
2016-11-18,1.60793518320535
2016-11-21,1.6362573842006982
2016-11-22,1.6117719567615747
2016-11-23,1.5969776615756084
2016-11-25,1.5886220734007908
2016-11-28,1.6180741500187465
2016-11-29,1.6148634565690265
2016-11-30,1.5700874514964354
2016-12-01,1.5419399249212737
2016-12-02,1.5105200648305948
2016-12-05,1.5473836577185176
2016-12-06,1.5278242728283244
2016-12-07,1.5296849641341033
2016-12-08,1.5176243854299538
2016-12-09,1.5002704665031836
2016-12-12,1.4915003546294894
2016-12-13,1.4818922746220666
2016-12-14,1.4860246403700157
2016-12-15,1.4494504868689635
2016-12-16,1.446413491347844
2016-12-19,1.438728236734924
2016-12-20,1.412827994737208
2016-12-21,1.3557781702351184
2016-12-22,1.3056655302439042
2016-12-23,1.2276785862053126
2016-12-27,1.2187124824618385
2016-12-28,1.1675125347962945
2016-12-29,1.1878824622917878
2016-12-30,1.196373872676881
2017-01-03,1.1116646827199705
2017-01-04,1.0078547093370636
2017-01-05,1.1641239668117351
2017-01-06,1.298934537870947
2017-01-09,1.3108809165860258
2017-01-10,1.3046461691299946
2017-01-11,1.5372409972681766
2017-01-12,1.4896240065522053
2017-01-13,1.4506350075710248
2017-01-17,1.3348929284194258
2017-01-18,1.3662028910361441
2017-01-19,1.335709143776834
2017-01-20,1.3455475567347916
2017-01-23,1.3192010184851934
2017-01-24,1.3557943970730049
2017-01-25,1.3280579930869312
2017-01-26,1.29633625828961
2017-01-27,1.2917640397781327
2017-01-30,1.2964181464698623
2017-01-31,1.2454618923619682
2017-02-01,1.2189807143884657
2017-02-02,1.2025103437941849
2017-02-03,1.183113048287293
2017-02-06,1.184799856546956
2017-02-07,1.1628586041946367
2017-02-08,1.1641754899629324
2017-02-09,1.2420767260143049
2017-02-10,1.2485409855952134
2017-02-13,1.235966160134151
2017-02-14,1.2183565171336206
2017-02-15,1.222555261692448
2017-02-16,1.2068831958224444
2017-02-17,1.1829365249752875
2017-02-21,1.1095668840867297
2017-02-22,1.1025201036304297
2017-02-23,1.0715509998671238
2017-02-24,1.0709051588974359
2017-02-27,1.0656203595289786
2017-02-28,1.061552418015802
2017-03-01,1.0215951119951432
2017-03-02,0.9847243545596068
2017-03-03,0.961184016648415
2017-03-06,0.9620295265484693
2017-03-07,0.9931019311120954
2017-03-08,1.0508695652173914
2017-03-09,1.011703955686614
2017-03-10,1.075202362876947
2017-03-13,0.9760373900267829
2017-03-14,0.9692742132371471
2017-03-15,0.9603796301678111
2017-03-16,1.0325724985458156
2017-03-17,1.1177663494537498
2017-03-20,1.1701431361660128
2017-03-21,1.1120530566926348
2017-03-22,1.1907848632069955
2017-03-23,1.2005700665798555
2017-03-24,1.331384850636002
2017-03-27,1.2004551679314501
2017-03-28,1.1987776532121401
2017-03-29,1.2052271312859517
2017-03-30,1.2129418809385486
2017-03-31,1.1637540967624074
2017-04-03,1.093538249144192
2017-04-04,1.1074343701742775
2017-04-05,1.1072387417765497
2017-04-06,1.0571752224154063
2017-04-07,1.065766014791781
2017-04-10,1.0538862386090897
2017-04-11,1.0549289556682804
2017-04-12,1.0624224647531466
2017-04-13,1.099736583363452
2017-04-17,1.0799808926138932
2017-04-18,1.0660492579035605
2017-04-19,1.058754499381524
2017-04-20,1.0429752906628842
2017-04-21,1.0534756949182271
2017-04-24,1.0205175570236735
2017-04-25,1.0000869112773798
2017-04-26,0.985184390420718
2017-04-27,0.9589976473953676
2017-04-28,0.9617312791457155
2017-05-01,0.8816123173549967
2017-05-02,0.8639060736960825
2017-05-03,0.8364595782831838
2017-05-04,0.7976353606090155
2017-05-05,0.7874249170829067
2017-05-08,0.7109989649151351
2017-05-09,0.6917669645892752
2017-05-10,0.6811480113378473
2017-05-11,0.66143017938077
2017-05-12,0.7111538753982839
2017-05-15,0.7067295994816174
2017-05-16,0.7120413011430953
2017-05-17,0.6837620906920132
2017-05-18,0.6627484896574231
2017-05-19,0.6302227064259622
2017-05-22,0.5800588974962049
2017-05-23,0.540764211252846
2017-05-24,0.51251415080343
2017-05-25,0.5448203713130474
2017-05-26,0.5755487239267176
2017-05-30,0.5801504928050186
2017-05-31,0.5563306882388775
2017-06-01,0.5261890383502409
2017-06-02,0.5130698695127224
2017-06-05,0.47614085883603474
2017-06-06,0.4520816032719892
2017-06-07,0.47219050754240466
2017-06-08,0.4549083609036689
2017-06-09,0.44921576652776346
2017-06-12,0.47604367200411535
2017-06-13,0.46587807220003674
2017-06-14,0.5078260549389193
2017-06-15,0.5080784196407698
2017-06-16,0.4979035523576821
2017-06-19,0.4804602657753812
2017-06-20,0.45594993816181834
2017-06-21,0.4623851769213715
2017-06-22,0.4611500719361226
2017-06-23,0.45764705997455696
2017-06-26,0.5028546363176881
2017-06-27,0.48831516709732864
2017-06-28,0.48469971573076537
2017-06-29,0.4899736613257021
2017-06-30,0.5001128275973646
2017-07-03,0.474988883482712
2017-07-05,0.4690256415260593
2017-07-06,0.468534334544228
2017-07-07,0.4798583444216319
2017-07-10,0.5108827366437106
2017-07-11,0.5191227421229903
2017-07-12,0.5077870683147749
2017-07-13,0.5158404085004304
2017-07-14,0.5492222085819689
2017-07-17,0.553219603865959
2017-07-18,0.5352152928596907
2017-07-19,0.5459591843572503
2017-07-20,0.44179443699749327
2017-07-21,0.47016974699246694
2017-07-24,0.45515923695578137
2017-07-25,0.48581784475738404
2017-07-26,0.4937832430411789
2017-07-27,0.4714459879833083
2017-07-28,0.4515469934263046
2017-07-31,0.44050440534675206
2017-08-01,0.46816712566641633
2017-08-02,0.4691829272774042
2017-08-03,0.4520221403331809
2017-08-04,0.4345123936006758
2017-08-07,0.37236528999927604
2017-08-08,0.36737487965868826
2017-08-09,0.38085607684074735
2017-08-10,0.3796491092276719
2017-08-11,0.35273457928674895
2017-08-14,0.29691592760603963
2017-08-15,0.30457226630617473
2017-08-16,0.29175417126967657
2017-08-17,0.2969741698540045
2017-08-18,0.30901642422499837
2017-08-21,0.32255969952523705
2017-08-22,0.3133992687427102
2017-08-23,0.3104646053373947
2017-08-24,0.29679236940892206
2017-08-25,0.29565833359116017
2017-08-28,0.2988367576947862
2017-08-29,0.2867644102854039
2017-08-30,0.2865310125400359
2017-08-31,0.27984069212045043
2017-09-01,0.270747619783376
2017-09-05,0.3059958498886494
2017-09-06,0.2901599241287907
2017-09-07,0.2924206739858399
2017-09-08,0.31829736919893586
2017-09-11,0.3198542737560519
2017-09-12,0.32148658039534517
2017-09-13,0.3408549433383665
2017-09-14,0.4198798623350042
2017-09-15,0.36299457249013745
2017-09-18,0.3213372194525285
2017-09-19,0.3327923425966697
2017-09-20,0.33589780114985085
2017-09-21,0.35543534681571787
2017-09-22,0.3562123188975417
2017-09-25,0.33285194254676415
2017-09-26,0.3332177135815658
2017-09-27,0.30552270192208
2017-09-28,0.30792410671208503
2017-09-29,0.30782572815494125
2017-10-02,0.2886386113752531
2017-10-03,0.2945004969917551
2017-10-04,0.3011566743775983
2017-10-05,0.29338717417534765
2017-10-06,0.2909300469568009
2017-10-09,0.26860743324250236
2017-10-10,0.2698876225862091
2017-10-11,0.26640534178767017
2017-10-12,0.2374373749021987
2017-10-13,0.23046779011275445
2017-10-16,0.22703338169307066
2017-10-17,0.22888194894741187
2017-10-18,0.22893418125994727
2017-10-19,0.22543496738402174
2017-10-20,0.21249448683948682
2017-10-23,0.21545211540765374
2017-10-24,0.23070074556310569
2017-10-25,0.2217778513824249
2017-10-26,0.21445156457918288
2017-10-27,0.21942950430359676
2017-10-30,0.20782869021709913
2017-10-31,0.19587533534234908
2017-11-01,0.18827273533417738
2017-11-02,0.18010878355782475
2017-11-03,0.17571340349606937
2017-11-06,0.18217909584156203
2017-11-07,0.17827998679578366
2017-11-08,0.17180338400825532
2017-11-09,0.17996578207650937
2017-11-10,0.19225945630170863
2017-11-13,0.19472550506050543
2017-11-14,0.1931205967675093
2017-11-15,0.1744915608668565
2017-11-16,0.16227773628312644
2017-11-17,0.168089465602129
2017-11-20,0.15542689719682928
2017-11-21,0.1587236705033412
2017-11-22,0.15649023827933886
2017-11-24,0.1558938952379138
2017-11-27,0.131773678907578
2017-11-28,0.12871316422547072
2017-11-29,0.12965421125965923
2017-11-30,0.12441369603765781
2017-12-01,0.11651300105151573
2017-12-04,0.10931441748255609
2017-12-05,0.10586823154972001
2017-12-06,0.08836021752986915
2017-12-07,0.06982240503342955
2017-12-08,0.0751505740591803
2017-12-11,0.07343181083813193
2017-12-12,0.07111521826777552
2017-12-13,0.07590107895514318
2017-12-14,0.07569427969259387
2017-12-15,0.07083679363171998
2017-12-18,0.0660346759352453
2017-12-19,0.07091867481462193
2017-12-20,0.07615822367667455
2017-12-21,0.0801941426891449
2017-12-22,0.09220781405336986
2017-12-26,0.07975875421830204
2017-12-27,0.08125769485746756
2017-12-28,0.08859754051866892
2017-12-29,0.08912951729779998
2018-01-02,0.08768463602723824
2018-01-03,0.08658640557673015
2018-01-04,0.08458126108353536
2018-01-05,0.07575088492659715
2018-01-08,0.08692098335142462
2018-01-09,0.08987077545432831
2018-01-10,0.08798327967771279
2018-01-11,0.09850959993630322
2018-01-12,0.09537502408122192
2018-01-16,0.11621774721849028
2018-01-17,0.11958601136096435
2018-01-18,0.11555655865068273
2018-01-19,0.11474576387403712
2018-01-22,0.12175018541590248
2018-01-23,0.12289756571022536
2018-01-24,0.1193636968314892
2018-01-25,0.1210011170353661
2018-01-26,0.12098751529129646
2018-01-30,0.13213540566000997
2018-01-31,0.13100351734874416
2018-02-01,0.14658897328859513
2018-02-02,0.15102906901133822
2018-02-05,0.19165323506589577
2018-02-06,0.17102140515681422
2018-02-07,0.1720966251425032
2018-02-08,0.1593231758783473
2018-02-09,0.1502921953737414
2018-02-12,0.14834364205002445
2018-02-13,0.1544605907388455
2018-02-14,0.14276491203240813
2018-02-15,0.1329969235554389
2018-02-16,0.13222719584133386
2018-02-20,0.11652358673672684
2018-02-21,0.12441068167721296
2018-02-22,0.13299350080818967
2018-02-23,0.12893768641583508
2018-02-26,0.12836292418040374
2018-02-27,0.12265048555888211
2018-02-28,0.12651592634856232
2018-03-01,0.11897543826263013
2018-03-02,0.11916401438135864
2018-03-05,0.11389145687317902
2018-03-06,0.12371171599560742
2018-03-07,0.13305811493164355
2018-03-08,0.14048947870638606
2018-03-09,0.14162173718743762
2018-03-12,0.1433332762220584
2018-03-13,0.1442002948109325
2018-03-14,0.1601487934097636
2018-03-15,0.1586341647803121
2018-03-16,0.1572613419031747
2018-03-19,0.15257251646509656
2018-03-20,0.1470919872739127
2018-03-21,0.14790665212969575
2018-03-22,0.15198540146720396
2018-03-23,0.1519547042577197
2018-03-26,0.16498160157479527
2018-03-27,0.17123620486288985
2018-03-28,0.1664722212417764
2018-03-29,0.18460164572520704
2018-04-02,0.1894604608529227
2018-04-03,0.17875273745518452
2018-04-04,0.19489805412454128
2018-04-05,0.19442205677449378
2018-04-06,0.2006985889307796
2018-04-09,0.19736425063219115
2018-04-10,0.19634925674337608
2018-04-11,0.19466672515308717
2018-04-12,0.16964857551910037
2018-04-13,0.17031495289756443
2018-04-16,0.1672112163748331
2018-04-17,0.17048653935989044
2018-04-18,0.16551885902024346
2018-04-19,0.16237639039283921
2018-04-20,0.15111074250424755
2018-04-23,0.1480817139356173
2018-04-24,0.13729311930023846
2018-04-25,0.14936002145276936
2018-04-26,0.1418196050068464
2018-04-27,0.14691139779146187
2018-04-30,0.1424374067551911
2018-05-01,0.14297605577120082
2018-05-02,0.1410363002932462
2018-05-03,0.13451546962715805
2018-05-04,0.13531929280668054
2018-05-07,0.13999771513994325
2018-05-08,0.14207098304058097
2018-05-09,0.14061927949612232
2018-05-10,0.14604254186510196
2018-05-11,0.15625203173591748
2018-05-14,0.15103036715354806
2018-05-15,0.15145035147221989
2018-05-16,0.1541673016571677
2018-05-17,0.15914863498690698
2018-05-18,0.1563694927904426
2018-05-21,0.1532487763085825
2018-05-22,0.16062364124371226
2018-05-23,0.1705915302051276
2018-05-24,0.1718256962281432
2018-05-25,0.17423471018015346
2018-05-29,0.1737951604901873
2018-05-30,0.17572355121810235
2018-05-31,0.17348151818536023
2018-06-01,0.17169112243596427
2018-06-04,0.17208132291636546
2018-06-05,0.1699686707253578
2018-06-06,0.16946738545120935
2018-06-07,0.16914031230198773
2018-06-08,0.1702444076641174
2018-06-11,0.18805777960452366
2018-06-12,0.1967531405887525
2018-06-13,0.20423944382735487
2018-06-14,0.19534555954718258
2018-06-15,0.1974110070909371
2018-06-18,0.18949281264846848
2018-06-19,0.18842116571583206
2018-06-20,0.18758807768114621
2018-06-21,0.18829849400413917
2018-06-22,0.20832751777634181
2018-06-25,0.20252256135785313
2018-06-26,0.20621398790817444
2018-06-27,0.2034714343651074
2018-06-28,0.21136829733392498
2018-06-29,0.201228645792354
2018-07-02,0.18744576287289952
2018-07-03,0.19168125495416
2018-07-05,0.1893769408291957
2018-07-06,0.18795235615915562
2018-07-09,0.18661326444705567
2018-07-10,0.19807423599582158
2018-07-11,0.1943481497080946
2018-07-12,0.19987766335598905
2018-07-13,0.19871594719465954
2018-07-16,0.18364667565334483
2018-07-17,0.16742156095745553
2018-07-18,0.16637317686491285
2018-07-19,0.16371005306063008
2018-07-20,0.1671849721982055
2018-07-23,0.15873201415900468
2018-07-24,0.14528262894177119
2018-07-25,0.15051232172481765
2018-07-26,0.15409516558840383
2018-07-27,0.14973649887513052
2018-07-30,0.1492944242567712
2018-07-31,0.15727901768890223
2018-08-01,0.15972647538879814
2018-08-02,0.1599809692168226
2018-08-03,0.16332206527269708
2018-08-06,0.17385425494718587
2018-08-07,0.17911720132259465
2018-08-08,0.1922991552450706
2018-08-09,0.18450937741488366
2018-08-10,0.1958216283763054
2018-08-13,0.1891682160071822
2018-08-14,0.19242835673228792
2018-08-15,0.18665233626182473
2018-08-16,0.18567483614902872
2018-08-17,0.17878227782918174
2018-08-20,0.18812624957729834
2018-08-21,0.18379474948415905
2018-08-22,0.18760458859763565
2018-08-23,0.1816406760776046
2018-08-24,0.17951000539292417
2018-08-27,0.17560830718687567
2018-08-28,0.17014549326812897
2018-08-29,0.1709199128860085
2018-08-30,0.1716337745422689
2018-08-31,0.17055579268774973
2018-09-04,0.16201507891657846
2018-09-05,0.1759060672313897
2018-09-06,0.1834689614066681
2018-09-07,0.184565809250425
2018-09-10,0.18847654125601143
2018-09-11,0.189109660741407
2018-09-12,0.18966277090200967
2018-09-13,0.18443191887349877
2018-09-14,0.1834873665751239
2018-09-17,0.19099852159897412
2018-09-18,0.18784236898530718
2018-09-19,0.18788660285511297
2018-09-20,0.18500935869848184
2018-09-21,0.17761080876357863
2018-09-24,0.18183858477575254
2018-09-25,0.18614838198381184
2018-09-26,0.18383371824480368
2018-09-27,0.17707717809235407
2018-09-28,0.17933123238337884
2018-10-01,0.1801469514896104
2018-10-02,0.18340171847649342
2018-10-03,0.18428042943226347
2018-10-04,0.18203685468497025
2018-10-05,0.18138219439160194
2018-10-08,0.17804556184790887
2018-10-09,0.1787241107055234
2018-10-10,0.18059291926805968
2018-10-11,0.19556474082907846
2018-10-12,0.19413250933438336
2018-10-15,0.1859156492876163
2018-10-16,0.1860642218317452
2018-10-17,0.1869834222848583
2018-10-18,0.18937083911388627
2018-10-19,0.18951621308102914
2018-10-22,0.18824877477324498
2018-10-23,0.19046471596665318
2018-10-24,0.1890132882523971
2018-10-25,0.18978457854303582
2018-10-26,0.19035483995521063
2018-10-29,0.1933635823756946
2018-10-30,0.19301355512413293
2018-10-31,0.19189219895868637
2018-11-01,0.19379784841061568
2018-11-02,0.1926761518780298
2018-11-05,0.1915677806761821
2018-11-06,0.1894131247625102
2018-11-07,0.1877754421037606
2018-11-08,0.18948761082040028
2018-11-09,0.18892449006901035
2018-11-12,0.18854954273567384
2018-11-13,0.18856856555731943
2018-11-14,0.2104960491879735
2018-11-15,0.21472975443853357
2018-11-16,0.21895599386481468
2018-11-19,0.2510730632189922
2018-11-20,0.2738175121717414
2018-11-21,0.2663526270513527
2018-11-23,0.2808762691537717
2018-11-26,0.32287854321211606
2018-11-27,0.3170083022203217
2018-11-28,0.2868873747074845
2018-11-29,0.2860817568895313
2018-11-30,0.3037387056805301
2018-12-03,0.31686146895744044
2018-12-04,0.3136551140072301
2018-12-06,0.35162288498757455
2018-12-07,0.3645681062399562
2018-12-10,0.3550733926173072
2018-12-11,0.3626421559447051
2018-12-12,0.3568734724364308
2018-12-13,0.3750214214847878
2018-12-14,0.38149754036113254
2018-12-17,0.3517900748437296
2018-12-18,0.3379815970055733
2018-12-19,0.3342542604924823
2018-12-20,0.30562773816936045
2018-12-21,0.32177235647351987
2018-12-24,0.31076846789004775
2018-12-26,0.32903863801688293
2018-12-27,0.3494824183354155
2018-12-28,0.32617903730569686
2018-12-31,0.34154484696480475
2019-01-02,0.32484580278667835
2019-01-03,0.3366919940144924
2019-01-04,0.3325022999819444
2019-01-07,0.3196821551853756
2019-01-08,0.3183449196997787
2019-01-09,0.31950566334397634
2019-01-10,0.3492052990020821
2019-01-11,0.3490567949082359
2019-01-14,0.3478364280872385
2019-01-15,0.35425915219208937
2019-01-16,0.3533782653664026
2019-01-17,0.3509521683836851
2019-01-18,0.35028877003919906
2019-01-22,0.3557976281783659
2019-01-23,0.3578956590358486
2019-01-24,0.35522015004937574
2019-01-25,0.360412335573311
2019-01-28,0.37528270382656587
2019-01-29,0.37939547082105146
2019-01-30,0.375740612350659
2019-01-31,0.38165964714410716
2019-02-01,0.37755753213635357
2019-02-04,0.37994840032903526
2019-02-05,0.37912996013579187
2019-02-06,0.38359374983238326
2019-02-07,0.3851775063278158
2019-02-08,0.3582707043256561
2019-02-11,0.35823621725201304
2019-02-12,0.3583385015542752
2019-02-13,0.36089608623696734
2019-02-14,0.3621352485064879
2019-02-15,0.36403448058002913
2019-02-19,0.33951555544312007
2019-02-20,0.33584007827499585
2019-02-21,0.3347143269588643
2019-02-22,0.33184149804740604
2019-02-25,0.34148950257817073
2019-02-26,0.34379266442649065
2019-02-27,0.34216664373848177
2019-02-28,0.34056371820208003
2019-03-01,0.3358911508771508
2019-03-04,0.3415606901075319
2019-03-05,0.3290237720958583
2019-03-06,0.32912881852899484
2019-03-07,0.3282130070705255
2019-03-08,0.33246763649995137
2019-03-11,0.3300192156558989
2019-03-12,0.3316060975634128
2019-03-13,0.33467996390931737
2019-03-14,0.3295816418044899
2019-03-15,0.32866176623956816
2019-03-18,0.3224544791322958
2019-03-19,0.320545083998502
2019-03-20,0.3181669809703002
2019-03-21,0.32414842642653596
2019-03-22,0.32594689875255534
2019-03-25,0.3335545016222464
2019-03-26,0.3298051184682909
2019-03-27,0.3204988547917243
2019-03-28,0.31697372236488214
2019-03-29,0.31549093336952017
2019-04-01,0.3098468710335501
2019-04-02,0.26435087487580033
2019-04-03,0.25937951440924073
2019-04-04,0.26184291599235543
2019-04-05,0.25620045926742707
2019-04-08,0.24520909819041042
2019-04-09,0.25043427358321085
2019-04-10,0.2458610668334941
2019-04-11,0.25443836144199167
2019-04-12,0.25357895081209775
2019-04-15,0.25395155336028025
2019-04-16,0.24306856955692677
2019-04-17,0.24223438167216732
2019-04-18,0.24005425167268848
2019-04-22,0.23586105860968176
2019-04-23,0.2277849104966458
2019-04-24,0.23340002056817666
2019-04-25,0.24485101679896124
2019-04-26,0.24338232471845214
2019-04-29,0.24366572782517373
2019-04-30,0.2397431514849765
2019-05-01,0.2371778320001475
2019-05-02,0.23063297412881323
2019-05-03,0.22176417114820834
2019-05-06,0.22302818285391318
2019-05-07,0.22017320138616725
2019-05-08,0.21385860580491153
2019-05-09,0.2078701128114612
2019-05-10,0.2015567270466216
2019-05-13,0.16636137041637003
2019-05-14,0.16195053505364218
2019-05-15,0.1579858028214878
2019-05-16,0.1629695372155102
2019-05-17,0.1735454975692636
2019-05-20,0.1599461693530989
2019-05-21,0.15973221974879354
2019-05-22,0.16583189626452816
2019-05-23,0.16300749063531197
2019-05-24,0.1606285605750826
2019-05-28,0.14638825405205214
2019-05-29,0.14788404099775412
2019-05-30,0.1547093221851032
2019-05-31,0.1522887341989843
2019-06-03,0.16112812010357827
2019-06-04,0.17169685309601873
2019-06-05,0.1697674791591077
2019-06-06,0.17100434258139327
2019-06-07,0.16673397469905935
2019-06-10,0.16558067218300027
2019-06-11,0.16731178306129008
2019-06-12,0.16350642485312344
2019-06-13,0.16270348008759838
2019-06-14,0.15414374469600342
2019-06-17,0.1436319007850029
2019-06-18,0.14827517749180755
2019-06-19,0.14499346099013846
2019-06-20,0.14620306592623966
2019-06-21,0.13763045548788577
2019-06-24,0.12844309130814255
2019-06-25,0.11999915064719359
2019-06-26,0.1084492067859083
2019-06-27,0.12594334049357647
2019-06-28,0.11361829824665796
2019-07-01,0.13092528879878712
2019-07-02,0.13003535285226778
2019-07-03,0.11852420409622855
2019-07-05,0.12722184679285423
2019-07-08,0.11370704662279195
2019-07-09,0.11114369647233088
2019-07-10,0.11599543478695713
2019-07-11,0.12363252250184202
2019-07-12,0.11932139943816185
2019-07-15,0.12954459712176822
2019-07-16,0.1486867736103834
2019-07-17,0.14661945242480345
2019-07-18,0.13369918209036447
2019-07-19,0.13532771686664868
2019-07-22,0.1378019317855973
2019-07-23,0.1434333211420437
2019-07-24,0.14500721678378473
2019-07-25,0.1426475576779117
2019-07-26,0.14371391616127566
2019-07-29,0.1491310301350947
2019-07-30,0.14881199963163252
2019-07-31,0.1413992252666934
2019-08-01,0.13662935155782172
2019-08-02,0.1374382915695312
2019-08-05,0.1240592058608044
2019-08-06,0.12827830217774996
2019-08-07,0.1262187232593558
2019-08-08,0.125158698247152
2019-08-09,0.12615763159729618
2019-08-12,0.1322455243094017
2019-08-13,0.13786925276925574
2019-08-14,0.15081025158494482
2019-08-15,0.14736878355128122
2019-08-16,0.14579242295466305
2019-08-19,0.13744894117832296
2019-08-20,0.1397907168229514
2019-08-21,0.14841118406128367
2019-08-22,0.14779309269215046
2019-08-23,0.14667612722603143
2019-08-26,0.14717254786378547
2019-08-27,0.15129350547346718
2019-08-28,0.1576515671126349
2019-08-29,0.16051186816786459
2019-08-30,0.158269687837347
2019-09-03,0.14551646802570758
2019-09-04,0.14633074228476414
2019-09-05,0.14329301372400513
2019-09-06,0.14548014192331063
2019-09-09,0.14535110224743159
2019-09-10,0.14732143589787156
2019-09-11,0.14682112366208488
2019-09-12,0.14396557870237908
2019-09-13,0.14390167260490894
2019-09-16,0.14626156596936912
2019-09-17,0.1469641571715551
2019-09-18,0.14781950714190914
2019-09-19,0.1459516314811769
2019-09-20,0.14804096508335265
2019-09-23,0.1566090220567895
2019-09-24,0.17772613809634935
2019-09-25,0.17728304318154123
2019-09-26,0.1856763128106047
2019-09-27,0.1816684447963228
2019-09-30,0.17672091262829362
2019-10-01,0.17762806058162245
2019-10-02,0.17883861434235365
2019-10-03,0.18245779673577173
2019-10-04,0.1835499713074633
2019-10-07,0.18163575301195545
2019-10-08,0.18194670028532184
2019-10-09,0.17521469175661364
2019-10-10,0.17408777022453897
2019-10-11,0.17817150637817683
2019-10-14,0.17812009404736348
2019-10-15,0.18007720923490217
2019-10-16,0.18490152648435337
2019-10-17,0.18414565811140815
2019-10-18,0.18665009627886459
2019-10-21,0.17982171859026225
2019-10-22,0.18341949666831076
2019-10-23,0.19826547974379288
2019-10-24,0.2000269928352512
2019-10-25,0.17313842601451399
2019-10-28,0.1609740822611997
2019-10-29,0.1577269081097565
2019-10-30,0.16220337862896142
2019-10-31,0.16429002295556175
2019-11-01,0.16283155008909805
2019-11-04,0.16021057185676424
2019-11-05,0.15850101309243225
2019-11-06,0.15919443148800885
2019-11-07,0.15799193212464133
2019-11-08,0.16596477251275982
2019-11-11,0.16619493252378603
2019-11-12,0.1647181978585255
2019-11-13,0.16594645297644778
2019-11-14,0.16901516290798488
2019-11-15,0.17278631638262149
2019-11-18,0.17701881977630213
2019-11-19,0.1795361838789598
2019-11-20,0.18353691899163282
2019-11-21,0.19143632535225377
2019-11-22,0.20051866072432958
2019-11-25,0.20383049332428305
2019-11-26,0.20223399848368664
2019-11-27,0.1929719789116871
2019-11-29,0.18883571257853163
2019-12-02,0.19971351942378185
2019-12-03,0.20193586993513327
2019-12-04,0.20325330303651987
2019-12-05,0.19828665789877026
2019-12-06,0.19333518436458935
2019-12-09,0.19717874371529748
2019-12-10,0.20095849617214054
2019-12-11,0.20359055579110105
2019-12-12,0.20249520373516433
2019-12-13,0.20297991767234355
2019-12-16,0.21276655688378135
2019-12-17,0.22206108189289897
2019-12-18,0.20236909386446603
2019-12-19,0.20522447831311214
2019-12-20,0.2042855598730964
2019-12-23,0.20154634189765
2019-12-24,0.20472425783910508
2019-12-26,0.20849661162690744
2019-12-27,0.2076518102590197
2019-12-30,0.20766502317144808
2019-12-31,0.2112294519643691
2020-01-02,0.21823870879307725
2020-01-03,0.2109223090077244
2020-01-06,0.20159039192184755
2020-01-07,0.19253543312549695
2020-01-08,0.19275080088851776
2020-01-09,0.19693944809534852
2020-01-10,0.19071691217686373
2020-01-13,0.19012316756508513
2020-01-14,0.17472147093172277
2020-01-15,0.176234595485508
2020-01-16,0.1775605197580206
2020-01-17,0.17457648111985397
2020-01-21,0.17795778566193335
2020-01-22,0.1791639522356131
2020-01-23,0.18611753613268725
2020-01-24,0.18602950061429502
2020-01-27,0.17697329085766614
2020-01-28,0.16767482894015734
2020-01-29,0.16849440930610785
2020-01-30,0.1665265683421194
2020-01-31,0.1692845371804863
2020-02-03,0.16970961479172214
2020-02-04,0.16887117864262688
2020-02-05,0.16204424944530485
2020-02-06,0.1608563066898303
2020-02-07,0.16012750564597153
2020-02-10,0.15976078377754463
2020-02-11,0.15336635293919565
2020-02-12,0.15179079250000946
2020-02-13,0.15420417036146478
2020-02-14,0.15347964654366397
2020-02-18,0.15775987145035475
2020-02-19,0.16686758737415086
2020-02-20,0.16824728971075442
2020-02-21,0.16978371174834025
2020-02-24,0.17330256272681266
2020-02-25,0.17629544185359966
2020-02-26,0.18593002934496133
2020-02-27,0.18669259421730539
2020-02-28,0.18035261774156097
2020-03-02,0.17952190587172623
2020-03-03,0.18686162257118896
2020-03-04,0.18744190146264986
2020-03-05,0.1835492434750442
2020-03-06,0.1831506322280382
2020-03-09,0.2113295205755322
2020-03-10,0.20975432563460522
2020-03-11,0.20747197256935596
2020-03-12,0.3197279830384039
2020-03-13,0.272426269510338
2020-03-16,0.2963218579397263
2020-03-17,0.29181174348297795
2020-03-18,0.28201152985527467
2020-03-19,0.23882311638027273
2020-03-20,0.23940201170562056
2020-03-23,0.24422117902718846
2020-03-24,0.24651051796441611
2020-03-25,0.24431741650860345
2020-03-26,0.24568072818636058
2020-03-27,0.2509970078067813
2020-03-30,0.2522612610450721
2020-03-31,0.2459213296725764
2020-04-01,0.23887594546259988
2020-04-02,0.23929788117780176
2020-04-03,0.24262676435210878
2020-04-06,0.23061749829176997
2020-04-07,0.2319821461048246
2020-04-08,0.2270763058684705
2020-04-09,0.23776755756509385
2020-04-13,0.2548999949139135
2020-04-14,0.2567363543127482
2020-04-15,0.2600378474195586
2020-04-16,0.24173772050703884
2020-04-17,0.23804340690894493
2020-04-20,0.24725519291518222
2020-04-21,0.24391295177554992
2020-04-22,0.24289019906022494
2020-04-23,0.2332926373396137
2020-04-24,0.22825091040655396
2020-04-27,0.21959820777330163
2020-04-28,0.21909660078244497
2020-04-29,0.19354535314826032
2020-04-30,0.19451284907367275
2020-05-01,0.19114998467092503
2020-05-04,0.19151421872298408
2020-05-05,0.18931319708207184
2020-05-06,0.18170711496066044
2020-05-07,0.1730188251537851
2020-05-08,0.1737232597041936
2020-05-11,0.19708675593384783
2020-05-12,0.1935833235819177
2020-05-13,0.18488698722892585
2020-05-14,0.1785647908151139
2020-05-15,0.18796772564785408
2020-05-18,0.17804828668396316
2020-05-19,0.17927773904934838
2020-05-20,0.18382898104328826
2020-05-21,0.18944562225717668
2020-05-22,0.1889012145006694
2020-05-26,0.19295867269644817
2020-05-27,0.18628654550266227
2020-05-28,0.17985984024184445
2020-05-29,0.18401072176838776
2020-06-01,0.17092103345956497
2020-06-02,0.18103205517148657
2020-06-03,0.17581543632746754
2020-06-04,0.17538656658149204
2020-06-05,0.17342032932336693
2020-06-08,0.17380155716492246
2020-06-09,0.17504618526324478
2020-06-10,0.1735849651186502
2020-06-11,0.18580139927655995
2020-06-12,0.18239938284270585
2020-06-15,0.18202880821003814
2020-06-16,0.18133733994598306
2020-06-17,0.1824001540619839
2020-06-18,0.18325852314731952
2020-06-19,0.1879733566566722
2020-06-22,0.18206563736458262
2020-06-23,0.18402522064706914
2020-06-24,0.18959350694029037
2020-06-25,0.19019270922653533
2020-06-26,0.1934427445542005
2020-06-29,0.19310501002238234
2020-06-30,0.19621376026537554
2020-07-01,0.19214753637773477
2020-07-02,0.19554091830211856
2020-07-06,0.19076367592223978
2020-07-07,0.19500063434551376
2020-07-08,0.19255789952429994
2020-07-09,0.1939217719987045
2020-07-10,0.19379644727637185
2020-07-13,0.19591903658997697
2020-07-14,0.19588424563164
2020-07-15,0.1970447252950959
2020-07-16,0.1969617974889538
2020-07-17,0.19759834728876005
2020-07-20,0.1981508253311187
2020-07-21,0.19652502347684372
2020-07-22,0.19569857028500798
2020-07-23,0.19716999550913064
2020-07-24,0.19894321271689772
2020-07-27,0.17569122960154973
2020-07-28,0.17820319343705007
2020-07-29,0.17598357473498222
2020-07-30,0.174805387786111
2020-07-31,0.173339144631025
2020-08-03,0.17481229367760942
2020-08-04,0.17858460958999495
2020-08-05,0.17290338741923544
2020-08-06,0.17415445304484448
2020-08-07,0.17326248444011516
2020-08-10,0.17043113745033578
2020-08-11,0.1693699377921529
2020-08-12,0.16701864068981695
2020-08-13,0.16604523824854933
2020-08-14,0.16458672922576806
2020-08-17,0.16198260382827984
2020-08-18,0.1667384795190953
2020-08-19,0.1665804367300246
2020-08-20,0.1628000905663877
2020-08-21,0.16688391358932309
2020-08-24,0.1637168697571722
2020-08-25,0.16820142363700005
2020-08-26,0.16892745325517908
2020-08-27,0.16970171560389985
2020-08-28,0.17020575920172729
2020-08-31,0.16844707160509514
2020-09-01,0.16442115898731988
2020-09-02,0.16947557664200227
2020-09-03,0.18814486286771825
2020-09-04,0.18302265624325012
2020-09-08,0.1907907844420735
2020-09-09,0.1898685747095488
2020-09-10,0.1885722089655587
2020-09-11,0.18631053532793698
2020-09-14,0.1828601834037994
2020-09-15,0.18119004315997048
2020-09-16,0.17860745968497202
2020-09-17,0.17718528909718595
2020-09-18,0.1783621588549418
2020-09-21,0.18171981902212883
2020-09-22,0.18015914873932282
2020-09-23,0.18152119524270416
2020-09-24,0.17363276194493746
2020-09-25,0.17373507467389365
2020-09-28,0.17487029351807712
2020-09-29,0.1746761478163897
2020-09-30,0.17501984684133456
2020-10-01,0.17970795458547795
2020-10-02,0.17967137983552417
2020-10-05,0.17719260466976344
2020-10-06,0.17927453275245253
2020-10-07,0.1765493947656316
2020-10-08,0.17301707414305423
2020-10-09,0.1734834185863113
2020-10-12,0.16637296060778053
2020-10-13,0.16528239323336913
2020-10-14,0.16635013882225583
2020-10-15,0.16556259842847457
2020-10-16,0.16788371235311397
2020-10-19,0.1623568386521251
2020-10-20,0.1603177512780964
2020-10-21,0.15008161127271624
2020-10-22,0.14662315820663183
2020-10-23,0.14708226072761785
2020-10-26,0.1455192241363729
2020-10-27,0.1397956253504526
2020-10-28,0.14137289110152942
2020-10-29,0.13883139193999705
2020-10-30,0.13858907552308708
2020-11-02,0.13950787963793684
2020-11-03,0.1368070860927338
2020-11-04,0.13404834070756713
2020-11-05,0.1248600095337997
2020-11-06,0.1252932658580321
2020-11-09,0.12086889026451803
2020-11-10,0.12264809376541555
2020-11-11,0.11850580712782523
2020-11-12,0.11505040716444301
2020-11-13,0.11556085735030194
2020-11-16,0.11290305572760374
2020-11-17,0.1067983345523711
2020-11-18,0.10522912735470018
2020-11-19,0.10445588992967819
2020-11-20,0.10056217998465089
2020-11-23,0.10007557886631435
2020-11-24,0.0944552332602339
2020-11-25,0.09639591491720334
2020-11-27,0.10415350239088934
2020-11-30,0.09047767222892975
2020-12-01,0.09647929394362911
2020-12-02,0.095083132276312
2020-12-03,0.09445936809841339
2020-12-04,0.09817770239642042
2020-12-07,0.09701103895079591
2020-12-08,0.10211152723767555
2020-12-09,0.09887939419586392
2020-12-10,0.10038876320137693
2020-12-11,0.10187772295501299
2020-12-14,0.095013961950754
2020-12-15,0.09539541548027303
2020-12-16,0.08709750920765837
2020-12-17,0.08275319167304072
2020-12-18,0.08149810418755164
2020-12-21,0.08240991058123483
2020-12-22,0.07848453417291133
2020-12-23,0.0806622807094946
2020-12-24,0.07920054121657172
2020-12-28,0.0693082228982431
2020-12-29,0.06869636344247017
2020-12-30,0.06556648775802204
2020-12-31,0.06527543641167304
2021-01-04,0.060825258924764286
2021-01-05,0.057445142024959144
2021-01-06,0.05178365230241485
2021-01-07,0.048571231662467663
2021-01-08,0.044956064918593955
2021-01-11,0.052003763372778046
2021-01-12,0.054326036804671615
2021-01-13,0.0496725834628914
2021-01-14,0.04721679525907012
2021-01-15,0.04967499820202913
2021-01-19,0.050998335475808086
2021-01-20,0.05248996137347828
2021-01-21,0.06051119994363469
2021-01-22,0.05622351536633933
2021-01-25,0.05730944589937732
2021-01-26,0.05682248992145067
2021-01-27,0.06062259698446821
2021-01-28,0.05491826514379466
2021-01-29,0.05383142648345275
2021-02-01,0.05548469736883638
2021-02-02,0.05154843985579004
2021-02-03,0.04889505652905209
2021-02-04,0.04844545326689004
2021-02-05,0.047474973100201406
2021-02-08,0.039654549987971716
2021-02-09,0.039484862296617
2021-02-10,0.040976723195949576
2021-02-11,0.03809070064311747
2021-02-12,0.03834555662571306
2021-02-16,0.036528549998582786
2021-02-17,0.03396229477565264
2021-02-18,0.034315150825833474
2021-02-19,0.03177418817668834
2021-02-22,0.03332944592642512
2021-02-23,0.03695691235568006
2021-02-24,0.03614099234433554
2021-02-25,0.03767795509482146
2021-02-26,0.03729194781091663
2021-03-01,0.034705961891758265
2021-03-02,0.03582340262079491
2021-03-03,0.03394063534034793
2021-03-04,0.03501151274339169
2021-03-05,0.03470454812185489
2021-03-08,0.032111226561875005
2021-03-09,0.031311037252366836
2021-03-10,0.03073637821345499
2021-03-11,0.029794938860777567
2021-03-12,0.029991929557883535
2021-03-15,0.030924461403429217
2021-03-16,0.030465679970953213
2021-03-17,0.029331982511519347
2021-03-18,0.029938337857628373
2021-03-19,0.029845757287917454
2021-03-22,0.03186919699120188
2021-03-23,0.03150773076327484
2021-03-24,0.03283608031095293
2021-03-25,0.033360952372138215
2021-03-26,0.03141611138866943
2021-03-29,0.029646650552680048
2021-03-30,0.028580549988002992
2021-03-31,0.02908747491666402
2021-04-01,0.02921526993341784
2021-04-05,0.029242499595041067
2021-04-06,0.02992660924396486
2021-04-07,0.03104608317661575
2021-04-08,0.030121415896877703
2021-04-09,0.02993046496544332
2021-04-12,0.02890466087434953
2021-04-13,0.02749771481436942
2021-04-14,0.027490229763008134
2021-04-15,0.027883243795326456
2021-04-16,0.028892633045974423
2021-04-19,0.031752774210096424
2021-04-20,0.03147166017988675
2021-04-21,0.033248563455876935
2021-04-22,0.03441116150592907
2021-04-23,0.034779271367108885
2021-04-26,0.03293487942393577
2021-04-27,0.032307819198070936
2021-04-28,0.032343083502504144
2021-04-29,0.03301458994706679
2021-04-30,0.030602505099247196
2021-05-03,0.03131802183937678
2021-05-04,0.033296122478336146
2021-05-05,0.031068886403947175
2021-05-06,0.03219170510589501
2021-05-07,0.031924944744820945
2021-05-10,0.03289485645842675
2021-05-11,0.03237657719343216
2021-05-12,0.03708199655999422
2021-05-13,0.036684226953854086
2021-05-14,0.03684603660840585
2021-05-17,0.04289404530199039
2021-05-18,0.043528922492675565
2021-05-19,0.05084259247040815
2021-05-20,0.046142072066143944
2021-05-21,0.050307344208655055
2021-05-24,0.048690149500475885
2021-05-25,0.0494268259568309
2021-05-26,0.04838627804179509
2021-05-27,0.04931970477437493
2021-05-28,0.05329489121239421
2021-06-01,0.05187144266723996
2021-06-02,0.050764893630956105
2021-06-03,0.04772402092604452
2021-06-04,0.05122185829533779
2021-06-07,0.05651847701128354
2021-06-08,0.05652976154493748
2021-06-09,0.050694706449585375
2021-06-10,0.051609424730985384
2021-06-11,0.05028606601381141
2021-06-14,0.04634685744755452
2021-06-15,0.045896342857529554
2021-06-16,0.04849132837749958
2021-06-17,0.04661331721772911
2021-06-18,0.049400281312029046
2021-06-21,0.056249559529886514
2021-06-22,0.054645869066793536
2021-06-23,0.05285112841918223
2021-06-24,0.05122547932718054
2021-06-25,0.056154382989877544
2021-06-28,0.0516809727016661
2021-06-29,0.04914717831366528
2021-06-30,0.050535325469591615
2021-07-01,0.05289806461998436
2021-07-02,0.052588651222612956
2021-07-06,0.05238760823850638
2021-07-07,0.05321171289046545
2021-07-08,0.05473673580695879
2021-07-09,0.05355344613351539
2021-07-12,0.054454949205910486
2021-07-13,0.05532990702566026
2021-07-14,0.055581034846565694
2021-07-15,0.05753171803939273
2021-07-16,0.057747012213208646
2021-07-19,0.058690045079673715
2021-07-20,0.060753477474684105
2021-07-21,0.056146405941361895
2021-07-22,0.055859688315801626
2021-07-23,0.0536425502249247
2021-07-26,0.04817404104595231
2021-07-27,0.04566454375255311
2021-07-28,0.04499210466071137
2021-07-29,0.04577036197261592
2021-07-30,0.04291645568010506
2021-08-02,0.046377799904899486
2021-08-03,0.04744321291146671
2021-08-04,0.0455500301168676
2021-08-05,0.04416735120772013
2021-08-06,0.04110564852334964
2021-08-09,0.037169957280579376
2021-08-10,0.03792473102293036
2021-08-11,0.038391322789441476
2021-08-12,0.03936680968154264
2021-08-13,0.0371432647818692
2021-08-16,0.03884186615044661
2021-08-17,0.03993703205345354
2021-08-18,0.03976680251133829
2021-08-19,0.03810557016480347
2021-08-20,0.03609707644684288
2021-08-23,0.03639435169106075
2021-08-24,0.0378483951751798
2021-08-25,0.0365231031895581
2021-08-26,0.038178850486735354
2021-08-27,0.03702913370463091
2021-08-30,0.03844438637113032
2021-08-31,0.03848054837431609
2021-09-01,0.03711791841142457
2021-09-02,0.03666700698461509
2021-09-03,0.03659942627944443
2021-09-07,0.0383648091036378
2021-09-08,0.038851072334550006
2021-09-09,0.03874423226899774
2021-09-10,0.039871748458545096
2021-09-13,0.039854926095171675
2021-09-14,0.0383224558170847
2021-09-15,0.03720497944765913
2021-09-16,0.036719895765719955
2021-09-17,0.03701061620670577
2021-09-20,0.04112146954056309
2021-09-21,0.043643145179288745
2021-09-22,0.040773838658533325
2021-09-23,0.038928525438424386
2021-09-24,0.04084290760734773
2021-09-27,0.041434112316225145
2021-09-28,0.042300947524870194
2021-09-29,0.04141769208278914
2021-09-30,0.040083676472411636
2021-10-01,0.036515205427662116
2021-10-04,0.03596203577646308
2021-10-05,0.03415716548683813
2021-10-06,0.03180010684047895
2021-10-07,0.0326710875162585
2021-10-08,0.03254345179772476
2021-10-11,0.030522856640880405
2021-10-12,0.03137521119246345
2021-10-13,0.031248530505697945
2021-10-14,0.03134424633935088
2021-10-15,0.028691129138280945
2021-10-18,0.02845254934983244
2021-10-19,0.02753882802152079
2021-10-20,0.027034752336990178
2021-10-21,0.028631972834778075
2021-10-22,0.029583670695272384
2021-10-25,0.028648557041230448
2021-10-26,0.02969826551654807
2021-10-27,0.03074258978280787
2021-10-28,0.02971851658651146
2021-10-29,0.02865271272292106
2021-11-01,0.029425742924691405
2021-11-02,0.028290395861005208
2021-11-03,0.02800696621818955
2021-11-04,0.02917713460232799
2021-11-05,0.029715827288591453
2021-11-08,0.02704581634398074
2021-11-09,0.02732790790413973
2021-11-10,0.028426700886525384
2021-11-11,0.02868669856421921
2021-11-12,0.029114996732509855
2021-11-15,0.029360643197651744
2021-11-16,0.03081053162857448
2021-11-17,0.030971700043437998
2021-11-18,0.03268230008985959
2021-11-19,0.03185157241145881
2021-11-22,0.032084256704587866
2021-11-23,0.0309801751062226
2021-11-24,0.031700186180544425
2021-11-26,0.03332663542576634
2021-11-29,0.03083213827824626
2021-11-30,0.03111282744193278
2021-12-01,0.03113061901382283
2021-12-02,0.03117507126173226
2021-12-03,0.033247356581091486
2021-12-06,0.03514052503206388
2021-12-07,0.0351597032356793
2021-12-08,0.03531149781332652
2021-12-09,0.03722511050213359
2021-12-10,0.03773868141120526
2021-12-13,0.03821986189483397
2021-12-14,0.037981120515880804
2021-12-15,0.03604740522135263
2021-12-16,0.03769188979515337
2021-12-17,0.039041478856205014
2021-12-20,0.03826129137461274
2021-12-21,0.0365350175366364
2021-12-22,0.037048223601942626
2021-12-23,0.035664396775224254
2021-12-27,0.03570468112450629
2021-12-28,0.03803831660462127
2021-12-29,0.03886556594172876
2021-12-30,0.038422467005034114
2021-12-31,0.03946534845564324
2022-01-03,0.03873166054388033
2022-01-04,0.03952278591793088
2022-01-05,0.041878395464629785
2022-01-06,0.04144257234778488
2022-01-07,0.04324087354400012
2022-01-10,0.04300205088283537
2022-01-11,0.04255443012988855
2022-01-12,0.04157536527961589
2022-01-13,0.04275963383856217
2022-01-14,0.04214646582057245
2022-01-18,0.042767504071196574
2022-01-19,0.04415210540859405
2022-01-20,0.045292061684699916
2022-01-21,0.050245059960422465
2022-01-24,0.050245088244183306
2022-01-25,0.05013529672920042
2022-01-26,0.04965521576787632
2022-01-27,0.048287164939518616
2022-01-28,0.04723915783234804
2022-01-31,0.04664382115537655
2022-02-01,0.04646742231867266
2022-02-02,0.04895950846113156
2022-02-03,0.048526963664704215
2022-02-04,0.043531611697004875
2022-02-07,0.04152801399665137
2022-02-08,0.041402183659187325
2022-02-09,0.04139038676095956
2022-02-10,0.04214840299662798
2022-02-11,0.04340696948131762
2022-02-14,0.04386323521628698
2022-02-15,0.04161057984697911
2022-02-16,0.04254142062597586
2022-02-17,0.04688685681870151
2022-02-18,0.04742827027019114
2022-02-22,0.04978578629932203
2022-02-23,0.051189692113111106
2022-02-24,0.05022094782938155
2022-02-25,0.04810755027473294
2022-02-28,0.04397448007536626
2022-03-01,0.04379249088952527
2022-03-02,0.0437322397673758
2022-03-03,0.045566984740410495
2022-03-04,0.05021002056845303
2022-03-07,0.05238552829868014
2022-03-08,0.05266504325866733
2022-03-09,0.047302563779415906
2022-03-10,0.05066502579241857
2022-03-11,0.05110713619364945
2022-03-14,0.04940157140706131
2022-03-15,0.049022866169867146
2022-03-16,0.04637379109122074
2022-03-17,0.04742453190726464
2022-03-18,0.04612790946833857
2022-03-21,0.046949709308711216
2022-03-22,0.04534357822932896
2022-03-23,0.04514960286312301
2022-03-24,0.044621435789180354
2022-03-25,0.04405537719292451
2022-03-28,0.04115599674970983
2022-03-29,0.04028169336314761
2022-03-30,0.041083522119195796
2022-03-31,0.042803175931928054
2022-04-01,0.041465682454091164
2022-04-04,0.04137900536261652
2022-04-05,0.04220959597367045
2022-04-06,0.044400482441567954
2022-04-07,0.04445124174092001
2022-04-08,0.045914098558773694
2022-04-11,0.04919550764325991
2022-04-12,0.0491462345215053
2022-04-13,0.04812138290904091
2022-04-14,0.049352061531421944
2022-04-18,0.04856928402505628
2022-04-19,0.047122177474308934
2022-04-20,0.04718620799726884
2022-04-21,0.04798979916154257
2022-04-22,0.04859044881408818
2022-04-25,0.046793848210064236
2022-04-26,0.04988265161553463
2022-04-27,0.04805927995554727
2022-04-28,0.04748599871342847
2022-04-29,0.049451145853725904
2022-05-02,0.04832163288152653
2022-05-03,0.049504042842614886
2022-05-04,0.047029637452654455
2022-05-05,0.051236986870778434
2022-05-06,0.052196221775247666
2022-05-09,0.06129659203431656
2022-05-10,0.05930779049477553
2022-05-11,0.06402326573526733
2022-05-12,0.06278627178348367
2022-05-13,0.061721600767133934
2022-05-16,0.06072748824805848
2022-05-17,0.05975838005027462
2022-05-18,0.0632271190542884
2022-05-19,0.06073694220433441
2022-05-20,0.06307374518745812
2022-05-23,0.06350066167104358
2022-05-24,0.06289202916161188
2022-05-25,0.06245103125153401
2022-05-26,0.06312180430741272
2022-05-27,0.06466842194458768
2022-05-31,0.057960554595582914
2022-06-01,0.06185761587255374
2022-06-02,0.061262024055611534
2022-06-03,0.062125496789721214
2022-06-06,0.058628006390821844
2022-06-07,0.059299362039117696
2022-06-08,0.06129205788716689
2022-06-09,0.06139745512569838
2022-06-10,0.06434852730270041
2022-06-13,0.0812900077760599
2022-06-14,0.0814840757306279
2022-06-15,0.08041965749075865
2022-06-16,0.09055694292650836
2022-06-17,0.08966619699335937
2022-06-21,0.08858266700151435
2022-06-22,0.09177452144501136
2022-06-23,0.08658401807193036
2022-06-24,0.08602720289426313
2022-06-27,0.08781567413753884
2022-06-28,0.08961751054659305
2022-06-29,0.09021576983385245
2022-06-30,0.09118650034847745
2022-07-01,0.09335542817311641
2022-07-05,0.08726052468628533
2022-07-06,0.08443056485204124
2022-07-07,0.0803185656922068
2022-07-08,0.08009712342755905
2022-07-11,0.0866275302752832
2022-07-12,0.08917965807829596
2022-07-13,0.08580019707047787
2022-07-14,0.08286371587608157
2022-07-15,0.08170345630003187
2022-07-18,0.0760127882551689
2022-07-19,0.07310993629435034
2022-07-20,0.07315425165622821
2022-07-21,0.07393599777071218
2022-07-22,0.07603352890683623
2022-07-25,0.08047111913836011
2022-07-26,0.08087193282717016
2022-07-27,0.07496985739292077
2022-07-28,0.07340665846444196
2022-07-29,0.07405701395605438
2022-08-01,0.07587650699052599
2022-08-02,0.0770776805224672
2022-08-03,0.07694830275277985
2022-08-04,0.07902891590180416
2022-08-05,0.07612504129232416
2022-08-08,0.07504572018916109
2022-08-09,0.07744669936613685
2022-08-10,0.07498023948403716
2022-08-11,0.07470302671842384
2022-08-12,0.07370460039075596
2022-08-15,0.07380378847770658
2022-08-16,0.07424437235269657
2022-08-17,0.07543281608492647
2022-08-18,0.07561796577209341
2022-08-19,0.08370712783345076
2022-08-22,0.0810321715267125
2022-08-23,0.0811405108388106
2022-08-24,0.08169191181504895
2022-08-25,0.0813715910692758
2022-08-26,0.08569093296815908
2022-08-29,0.08555525061021943
2022-08-30,0.08704433055517352
2022-08-31,0.08542744327858447
2022-09-01,0.08429413830788185
2022-09-02,0.08561940982479085
2022-09-06,0.0902659515623098
2022-09-07,0.0889202290939657
2022-09-08,0.08836082096621409
2022-09-09,0.08026695304257273
2022-09-12,0.0772492299411455
2022-09-13,0.08400377447311438
2022-09-14,0.08381465687352016
2022-09-15,0.0845328761616414
2022-09-16,0.08454635734474117
2022-09-19,0.08525322152572594
2022-09-20,0.08785762975176808
2022-09-21,0.08974842514465418
2022-09-22,0.08606359896005307
2022-09-23,0.085259138530044
2022-09-26,0.08444716007140006
2022-09-27,0.08512053379800912
2022-09-28,0.08546990764874532
2022-09-29,0.08473385260864698
2022-09-30,0.08555053881385567
2022-10-03,0.0862686633975209
2022-10-04,0.08462965034020765
2022-10-05,0.0848878560051663
2022-10-06,0.08577609228450062
2022-10-07,0.08699611620198947
2022-10-10,0.08710401012607598
2022-10-11,0.08811417364972218
2022-10-12,0.08718803690063386
2022-10-13,0.08615839888706694
2022-10-14,0.08556913194834682
2022-10-17,0.084753747956541
2022-10-18,0.08528832723302167
2022-10-19,0.08503341312699234
2022-10-20,0.08558949732535905
2022-10-21,0.08611306251314141
2022-10-24,0.08522363301195475
2022-10-25,0.08224580888143633
2022-10-26,0.08011384868784197
2022-10-27,0.08186499961295346
2022-10-28,0.0796101960488657
2022-10-31,0.0798164572516666
2022-11-01,0.0803015886030933
2022-11-02,0.08163395085638307
2022-11-03,0.08051959388506263
2022-11-04,0.07908837057748586
2022-11-07,0.08137237001691781
2022-11-08,0.09233994427128416
2022-11-09,0.10768362423893514
2022-11-10,0.09952367041234272
2022-11-11,0.10367321985360872
2022-11-14,0.10672636380389629
2022-11-15,0.10505423010178692
2022-11-16,0.10636230480249399
2022-11-17,0.10551599664747544
2022-11-18,0.10491815697074204
2022-11-21,0.11005059544373473
2022-11-22,0.10737027759862819
2022-11-23,0.10504670398023112
2022-11-25,0.10612013299629527
2022-11-28,0.10729884669519921
2022-11-29,0.10631814492476155
2022-11-30,0.10169748356883139
2022-12-01,0.10615228839719071
2022-12-02,0.10509308558969913
2022-12-05,0.10411888796495639
2022-12-06,0.10353138736701735
2022-12-07,0.1059761720081783
2022-12-08,0.10379218304582775
2022-12-09,0.10494857802638206
2022-12-12,0.10347871254581316
2022-12-13,0.10201155998411693
2022-12-14,0.10145574033890717
2022-12-15,0.10234458644998752
2022-12-16,0.1075237531196061
2022-12-19,0.10874299166127685
2022-12-20,0.10740963551642856
2022-12-21,0.10797658560203507
2022-12-22,0.10617728514175535
2022-12-23,0.10691820183394496
2022-12-27,0.10855902244522352
2022-12-28,0.10922169650747023
2022-12-29,0.10932956564692445
2022-12-30,0.1096034050371483
2023-01-03,0.1102947048431708
2023-01-04,0.10987213831214303
2023-01-05,0.10897599232240605
2023-01-06,0.10996952499525313
2023-01-09,0.10889971771689369
2023-01-10,0.10727780273656809
2023-01-11,0.1045224864954811
2023-01-12,0.10045264427538153
2023-01-13,0.09635565298063452
2023-01-17,0.09012585076206092
2023-01-18,0.09204988932898416
2023-01-19,0.09115183984754971
2023-01-20,0.084951184908007
2023-01-23,0.08402649805248981
2023-01-24,0.08543293769767259
2023-01-25,0.08396971015712285
2023-01-26,0.08375455320890354
2023-01-27,0.08356612775613771
2023-01-30,0.0841895074298254
2023-01-31,0.0833863340995549
2023-02-01,0.08126027553457478
2023-02-02,0.08164240682705479
2023-02-03,0.07944366166799363
2023-02-06,0.08199433141660264
2023-02-07,0.08045377140076114
2023-02-08,0.08184172874145634
2023-02-09,0.08553080389224291
2023-02-10,0.08603686910520011
2023-02-13,0.08491798422282143
2023-02-14,0.08343532226098642
2023-02-15,0.07545712887631507
2023-02-16,0.0779732884538924
2023-02-17,0.07491776742090774
2023-02-21,0.07501119178145586
2023-02-22,0.07573739443415935
2023-02-23,0.07591609116168545
2023-02-24,0.07797181438324972
2023-02-27,0.07724397216472333
2023-02-28,0.07901119336080958
2023-03-01,0.07771534919287416
2023-03-02,0.07810281328438042
2023-03-03,0.08262426404133841
2023-03-06,0.08238608904569787
2023-03-07,0.08163451118892048
2023-03-08,0.08346501830047455
2023-03-09,0.08983441137317405
2023-03-10,0.09223646313628782
2023-03-13,0.07900391891703192
2023-03-14,0.07703039820868052
2023-03-15,0.07903688312127438
2023-03-16,0.07659825799086117
2023-03-17,0.07182778220606262
2023-03-20,0.07127824778035884
2023-03-21,0.06878239026181722
2023-03-22,0.07129193461774379
2023-03-23,0.07036782568463185
2023-03-24,0.07209396637474405
2023-03-27,0.07193839473768107
2023-03-28,0.07233352497044863
2023-03-29,0.0693547820640492
2023-03-30,0.07064032795789423
2023-03-31,0.06913991538568316
2023-04-03,0.07138842276955985
2023-04-04,0.07179045375064952
2023-04-05,0.07171911225158605
2023-04-06,0.07174047696154222
2023-04-10,0.06707925962727976
2023-04-11,0.06630713291366151
2023-04-12,0.06672074408365651
2023-04-13,0.06715009012278209
2023-04-14,0.06567669440038419
2023-04-17,0.06772616433301364
2023-04-18,0.06603821175854065
2023-04-19,0.0692232635134604
2023-04-20,0.07107557914405156
2023-04-21,0.07257053634963981
2023-04-24,0.07226432032727796
2023-04-25,0.07044045292058711
2023-04-26,0.06986316814732502
2023-04-27,0.06751422940763241
2023-04-28,0.06782829664788426
2023-05-01,0.07060481632924359
2023-05-02,0.07023229868905409
2023-05-03,0.06993650946756598
2023-05-04,0.07099350116330179
2023-05-05,0.06830682407720609
2023-05-08,0.07316675244797619
2023-05-09,0.07361858659375242
2023-05-10,0.07351089519208952
2023-05-11,0.07461633608219204
2023-05-12,0.07515391657992787
2023-05-15,0.07421111154126521
2023-05-16,0.07354461428045625
2023-05-17,0.07229147822166898
2023-05-18,0.07291609875054693
2023-05-19,0.07358462125899184
2023-05-22,0.07354585122885361
2023-05-23,0.07244618504068848
2023-05-24,0.07453250757392761
2023-05-25,0.07339042081414783
2023-05-26,0.07276016322622707
2023-05-30,0.07067992526299559
2023-05-31,0.07215006190594243
2023-06-01,0.07375100733143575
2023-06-02,0.0716487857472052
2023-06-05,0.07600902861969328
2023-06-06,0.07215814250375567
2023-06-07,0.07373795244785976
2023-06-08,0.0740751439688475
2023-06-09,0.07410015723613714
2023-06-12,0.07548692399683911
2023-06-13,0.07502682758583791
2023-06-14,0.07782389177285715
2023-06-15,0.07654714766133384
2023-06-16,0.0743862039631412
2023-06-20,0.06832586005449377
2023-06-21,0.06438475154377761
2023-06-22,0.06394363355927174
2023-06-23,0.0625206277583214
2023-06-26,0.06354899524925092
2023-06-27,0.06236932245610775
2023-06-28,0.06356060649338964
2023-06-29,0.06270907883105102
2023-06-30,0.06303389749642295
2023-07-03,0.06167906169326829
2023-07-05,0.062908485671966
2023-07-06,0.06381618871510197
2023-07-07,0.0634824035547568
2023-07-10,0.06329224068338667
2023-07-11,0.06307119716783985
2023-07-12,0.06436636962652219
2023-07-13,0.062244151477527834
2023-07-14,0.06461711473595172
2023-07-17,0.06476505123684012
2023-07-18,0.06622329516908972
2023-07-19,0.06610633935427619
2023-07-20,0.06606803895391435
2023-07-21,0.06567644698126991
2023-07-24,0.06718667756997804
2023-07-25,0.06713223225297545
2023-07-26,0.06707211236304327
2023-07-27,0.06659890816804877
2023-07-28,0.06686393020289706
2023-07-31,0.06741335939093736
2023-08-01,0.06539686783741581
2023-08-02,0.06645865636173813
2023-08-03,0.06621272863239454
2023-08-04,0.06671231518208294
2023-08-07,0.06625982500132527
2023-08-08,0.0646419673985422
2023-08-09,0.06479374876325404
2023-08-10,0.0650501725483445
2023-08-11,0.06506968431326042
2023-08-14,0.06496773570223209
2023-08-15,0.06522034027223439
2023-08-16,0.06606210562675399
2023-08-17,0.07065935560072514
2023-08-18,0.07240430236898975
2023-08-21,0.07247319925296586
2023-08-22,0.07284976438693033
2023-08-23,0.07258346264686322
2023-08-24,0.07331903523182111
2023-08-25,0.07336933110014796
2023-08-28,0.07346544763270808
2023-08-29,0.06984068172092622
2023-08-30,0.07122691611453758
2023-08-31,0.07474315002718253
2023-09-01,0.07518393681560694
2023-09-05,0.07471688380739326
2023-09-06,0.07447995860198699
2023-09-07,0.07307491339771253
2023-09-08,0.07405333223509739
2023-09-11,0.07643470462760296
2023-09-12,0.07398577850875866
2023-09-13,0.07278772214586121
2023-09-14,0.0719677269724358
2023-09-15,0.07229591942717851
2023-09-18,0.0721940530545929
2023-09-19,0.07100039247515735
2023-09-20,0.07170866192547604
2023-09-21,0.07223827447166827
2023-09-22,0.07243910052944656
2023-09-25,0.07287873449051163
2023-09-26,0.07248662710292127
2023-09-27,0.07102113949055447
2023-09-28,0.06884876106538822
2023-09-29,0.06867267968381283
2023-10-02,0.06647104285671111
2023-10-03,0.06651846170957029
2023-10-04,0.06541509376960633
2023-10-05,0.06626078929413924
2023-10-06,0.06548918668682975
2023-10-09,0.06705052233463192
2023-10-10,0.06794197630638805
2023-10-11,0.0696899388333864
2023-10-12,0.06986261924813064
2023-10-13,0.07175091645523013
2023-10-16,0.06736100605486918
2023-10-17,0.06766318268307289
2023-10-18,0.0690227498258942
2023-10-19,0.06853806674414387
2023-10-20,0.0667891854475061
2023-10-23,0.059731791367633534
2023-10-24,0.058256962288871804
2023-10-25,0.057505443254072745
2023-10-26,0.058179008833611504
2023-10-27,0.05864381181164322
2023-10-30,0.057856904899517184
2023-10-31,0.057263542101410804
2023-11-01,0.05583954259162073
2023-11-02,0.056831707929952284
2023-11-03,0.057338518074897586
2023-11-06,0.05655675393806635
2023-11-07,0.0554910373027013
2023-11-08,0.05473243080360102
2023-11-09,0.053530462482328095
2023-11-10,0.051792935469667435
2023-11-13,0.05329793036686524
2023-11-14,0.05520344103677043
2023-11-15,0.05174418845964224
2023-11-16,0.05487242900827508
2023-11-17,0.054146982212463536
2023-11-20,0.05277109210128182
2023-11-21,0.05582483151795484
2023-11-22,0.05319998783743043
2023-11-24,0.053080196775358746
2023-11-27,0.05400201262086132
2023-11-28,0.0539159767853776
2023-11-29,0.054072411691605676
2023-11-30,0.05404273585698137
2023-12-01,0.05352977286678944
2023-12-04,0.04821570431207868
2023-12-05,0.04579106867862758
2023-12-06,0.046415199806412843
2023-12-07,0.046887851980732156
2023-12-08,0.04524459610052491
2023-12-11,0.04795868624674087
2023-12-12,0.0477150645300552
2023-12-13,0.046217434059834084
2023-12-14,0.04718764506924147
2023-12-15,0.04820204267870614
2023-12-18,0.04753946043421943
2023-12-19,0.04822272520608746
2023-12-20,0.04660699047586322
2023-12-21,0.04648140815687418
2023-12-22,0.04675450392121855
2023-12-26,0.0484049970772303
2023-12-27,0.047922722387374724
2023-12-28,0.048651283991147584
2023-12-29,0.04898881664646553
2024-01-02,0.04591844248621108
2024-01-03,0.04747459872170389
2024-01-04,0.04622688230654833
2024-01-05,0.04624718193975419
2024-01-08,0.04314622597259966
2024-01-09,0.0439187659708269
2024-01-10,0.04335827410917463
2024-01-11,0.04344104975603937
2024-01-12,0.04776076188029783
2024-01-16,0.046947110819606605
2024-01-17,0.046852496646216324
2024-01-18,0.048921455796965406
2024-01-19,0.048692397969948696
2024-01-22,0.051124643139145526
2024-01-23,0.05078860528950603
2024-01-24,0.050250674822760945
2024-01-25,0.05050607731739681
2024-01-26,0.04822933892654533
2024-01-29,0.04678406112333286
2024-01-30,0.04729631166907424
2024-01-31,0.0481041467471267
2024-02-01,0.0476602005296263
2024-02-02,0.047147376596252746
2024-02-05,0.047486244827330756
2024-02-06,0.04722097004481365
2024-02-07,0.04592241812036792
2024-02-08,0.044859374904341144
2024-02-09,0.04291453325659009
2024-02-12,0.04039775323991413
2024-02-13,0.04006437899052659
2024-02-14,0.03840298974934039
2024-02-15,0.03854747186616998
2024-02-16,0.038563883564247524
2024-02-20,0.038777944864552126
2024-02-21,0.039011034916429495
2024-02-22,0.03936655350552719
2024-02-23,0.04018375022011754
2024-02-26,0.03720489033500063
2024-02-27,0.035630844838682195
2024-02-28,0.032525507732969965
2024-02-29,0.033427353095906207
2024-03-01,0.033422145297764716
2024-03-04,0.030992055005474892
2024-03-05,0.03343981031900422
2024-03-06,0.03252766578256233
2024-03-07,0.03224481705516233
2024-03-08,0.03189746862765104
2024-03-11,0.03026042422653723
2024-03-12,0.03022329242628507
2024-03-13,0.029765951306981057
2024-03-14,0.030295562944835867
2024-03-15,0.03108332504097681
2024-03-18,0.031987341722741265
2024-03-19,0.03482803190855078
2024-03-20,0.031774160382838965
2024-03-21,0.03332346254242864
2024-03-22,0.03383728437960251
2024-03-25,0.03108686341450014
2024-03-26,0.03108540317776203
2024-03-27,0.031539691251708045
2024-03-28,0.03134357723618535
2024-04-01,0.0320865288966725
2024-04-02,0.03454705249508712
2024-04-03,0.034773744296400566
2024-04-04,0.03340882612441003
2024-04-05,0.03428332603765102
2024-04-08,0.03255138491739499
2024-04-09,0.033895478245030336
2024-04-10,0.03300283284943226
2024-04-11,0.033610898760872004
2024-04-12,0.03506465575624245
2024-04-15,0.03730003753746818
2024-04-16,0.03746638831545638
2024-04-17,0.03870476516834214
2024-04-18,0.03750900255946379
2024-04-19,0.03756681981606164
2024-04-22,0.03489349064892873
2024-04-23,0.035051882582750785
2024-04-24,0.03616384823328463
2024-04-25,0.03613117822236042
2024-04-26,0.03662125823200294
2024-04-29,0.036738075117752955
2024-04-30,0.03778889727427658
2024-05-01,0.03948054107325092
2024-05-02,0.03888813303655838
2024-05-03,0.03655598660306173
2024-05-06,0.03675630860624341
2024-05-07,0.03714136151590143
2024-05-08,0.0378113733602407
2024-05-09,0.036988129143616884
2024-05-10,0.03894048194972791
2024-05-13,0.037139050477709705
2024-05-14,0.0382338467222685
2024-05-15,0.036046330898009356
2024-05-16,0.036485394434552135
2024-05-17,0.03597513046684936
2024-05-20,0.03406523974046318
2024-05-21,0.034528367856399726
2024-05-22,0.034564803384714536
2024-05-23,0.034373841285964414
2024-05-24,0.034038124843168226
2024-05-28,0.034485070978719085
2024-05-29,0.03463104563863382
2024-05-30,0.034270462518565616
2024-05-31,0.03441770978739078
2024-06-03,0.034105189421792546
2024-06-04,0.032954139604728344
2024-06-05,0.033117708150956396
2024-06-06,0.033499082110391425
2024-06-07,0.033243639821128136
2024-06-10,0.03319844939158683
2024-06-11,0.0342704646980333
2024-06-12,0.034231526231866934
2024-06-13,0.03445662146266644
2024-06-14,0.03531830439249085
2024-06-17,0.03477800537860435
2024-06-18,0.03577484204724733
2024-06-20,0.03630801847490283
2024-06-21,0.03613942683930837
2024-06-24,0.038654611121573444
2024-06-25,0.03748262386496564
2024-06-26,0.03780877579951344
2024-06-27,0.03773244894101636
2024-06-28,0.03858910270752634
2024-07-01,0.037033043036941896
2024-07-02,0.037450215461161444
2024-07-03,0.0392163245355715
2024-07-05,0.04215319248443081
2024-07-08,0.04153418384797167
2024-07-09,0.04068490889313001
2024-07-10,0.04108239358617959
2024-07-11,0.04211358652256242
2024-07-12,0.04169295876075064
2024-07-15,0.03734999556505878
2024-07-16,0.037826540201033675
2024-07-17,0.038285188088686216
2024-07-18,0.03832490548996264
2024-07-19,0.035909074939395005
2024-07-22,0.03539233782519115
2024-07-23,0.03647330520354811
2024-07-24,0.03691634256067397
2024-07-25,0.03575553463186881
2024-07-26,0.035045320557007084
2024-07-29,0.03557771784328423
2024-07-30,0.03632874778875418
2024-07-31,0.03755072985217253
2024-08-01,0.03725662701296714
2024-08-02,0.03949682208476811
2024-08-05,0.04448296236535684
2024-08-06,0.04263637447337133
2024-08-07,0.043441946244169284
2024-08-08,0.03925124914584599
2024-08-09,0.03994900742744337
2024-08-12,0.041486311132603905
2024-08-13,0.04069819497863148
2024-08-14,0.04153069970414467
2024-08-15,0.04261806698637328
2024-08-16,0.042425300083419056
2024-08-19,0.04205168665486039
2024-08-20,0.04255518036839867
2024-08-21,0.04100354808350429
2024-08-22,0.041053682064101094
2024-08-23,0.039136050031219234
2024-08-26,0.04003933713347997
2024-08-27,0.04228277736486003
2024-08-28,0.04236999201644993
2024-08-29,0.04252866419651322
2024-08-30,0.0421823770072072
2024-09-03,0.04335461486340068
2024-09-04,0.0430107591184629
2024-09-05,0.04471827042825441
2024-09-06,0.04621978858553629
2024-09-09,0.04387619158894351
2024-09-10,0.04357946618358634
2024-09-11,0.04380818178548394
2024-09-12,0.04389009301761397
2024-09-13,0.042615892601520176
2024-09-16,0.044342476365822975
2024-09-17,0.042519684420984645
2024-09-18,0.04169851269629721
2024-09-19,0.04111822700485088
2024-09-20,0.041458719700480956
2024-09-23,0.04147336589723847
2024-09-24,0.04123046312126913
2024-09-25,0.042113834699122686
2024-09-26,0.0409613093128086
2024-09-27,0.04019263350672499
2024-09-30,0.04162515253801546
2024-10-01,0.04384337995466113
2024-10-02,0.04365790043842952
2024-10-03,0.04373150483975378
2024-10-04,0.04262780115063784
2024-10-07,0.04249585440780639
2024-10-08,0.04208783421175592
2024-10-09,0.043016005268676584
2024-10-10,0.04347775755346374
2024-10-11,0.042558992297170084
2024-10-14,0.04009016499950792
2024-10-15,0.039698028972894664
2024-10-16,0.03954877202745231
2024-10-17,0.039925913209868484
2024-10-18,0.03966308068815618
2024-10-21,0.04042135877125182
2024-10-22,0.04073845995713421
2024-10-23,0.040859704990556044
2024-10-24,0.040124084271913434
2024-10-25,0.04112846061928701
2024-10-28,0.03923598736638783
2024-10-29,0.03806904792676325
2024-10-30,0.03854738412959458
2024-10-31,0.03899868598696151
2024-11-01,0.03941426012811685
2024-11-04,0.04034861022736162
2024-11-05,0.03950861207966998
2024-11-06,0.03526748558791019
2024-11-07,0.035549764857775286
2024-11-08,0.035109847383413106
2024-11-11,0.029438063743472444
2024-11-12,0.029560297677882288
2024-11-13,0.0284906316190925
2024-11-14,0.02943481150030153
2024-11-15,0.028174068599279248
2024-11-18,0.02883282483960855
2024-11-19,0.028449126079049883
2024-11-20,0.0280709582992939
2024-11-21,0.0271266180913749
2024-11-22,0.027373372170003064
2024-11-25,0.02810671848774542
2024-11-26,0.028486067558673805
2024-11-27,0.02750969433545189
2024-11-29,0.027262040508774496
2024-12-02,0.02748543814608371
2024-12-03,0.027548336821346067
2024-12-04,0.026868882378243576
2024-12-05,0.02719228711764831
2024-12-06,0.026406938790764646
2024-12-09,0.027351180758709456
2024-12-10,0.02790367838421975
2024-12-11,0.027021035300137112
2024-12-12,0.026863448717051666
2024-12-13,0.026177995554711963
2024-12-16,0.025006195749658632
2024-12-17,0.024914122055230838
2024-12-18,0.026354052773547115
2024-12-19,0.026589133330640776
2024-12-20,0.02689043989019528
2024-12-23,0.027589013868088513
2024-12-24,0.026551517195622674
2024-12-26,0.027546175116985025
2024-12-27,0.027793807249785158
2024-12-30,0.028130502724202925
2024-12-31,0.028141093611322342
2025-01-02,0.02744334464646269
2025-01-03,0.02696024152732444
2025-01-06,0.025846878672462374
2025-01-07,0.027410502034240235
2025-01-08,0.028034524643356238
2025-01-09,0.029019061840653754
2025-01-10,0.02860040591378201
2025-01-13,0.028286059439838356
2025-01-14,0.027736328131638788
2025-01-15,0.026988843393582766
2025-01-16,0.027530924981384434
2025-01-17,0.02627078767997436
2025-01-21,0.025954751999783317
2025-01-22,0.02670060895748008
2025-01-23,0.026578448725330658
2025-01-24,0.02649602853313144
2025-01-27,0.026815182780979344
2025-01-28,0.027304178706434888
2025-01-29,0.02670216353595006
2025-01-30,0.026953661980771617
2025-01-31,0.027464472987660898
2025-02-03,0.027946236502393626
2025-02-04,0.029153438034744582
2025-02-05,0.029721956860708332
2025-02-06,0.02956726907971584
2025-02-07,0.029704000830222562
2025-02-10,0.02990941283548029
2025-02-11,0.03041857112515504
2025-02-12,0.029718286365098382
2025-02-13,0.03028133718417624
2025-02-14,0.02957266531091531
2025-02-18,0.030684676592530154
2025-02-19,0.03021039471086535
2025-02-20,0.02989812138866096
2025-02-21,0.030560035215989507
2025-02-24,0.032246323043678235
2025-02-25,0.03273186050995622
2025-02-26,0.03458094820606721
2025-02-27,0.03403844256867716
2025-02-28,0.03362212776783156
2025-03-03,0.03358133258251375
2025-03-04,0.03335848274893476
2025-03-05,0.032169338397264234
2025-03-06,0.032420454887890256
2025-03-07,0.03348640165658807
2025-03-10,0.036813018896755464
2025-03-11,0.035153538258119205
2025-03-12,0.03510531857435784
2025-03-13,0.036812895230567265
2025-03-14,0.03566192735516087
2025-03-17,0.03568213462423367
2025-03-18,0.03669191411420964
2025-03-19,0.03495396853438246
2025-03-20,0.03611858502250125
2025-03-21,0.03591246449581619
2025-03-24,0.03443585706108317
2025-03-25,0.034567749833919505
2025-03-26,0.034762591639738986
2025-03-27,0.03510325413810554
2025-03-28,0.036590216929328824
2025-03-31,0.037829692665172665
2025-04-01,0.03662005669048018
2025-04-02,0.038065985813262544
2025-04-03,0.037267083080994724
2025-04-04,0.03592394227845733
2025-04-07,0.037247271232068474
2025-04-08,0.03891862972853103
2025-04-09,0.03701530427365016
2025-04-10,0.039625177440550795
2025-04-11,0.038633250877520495
2025-04-14,0.03790761090543889
2025-04-15,0.03846944808369215
2025-04-16,0.039586421629672186
2025-04-17,0.03897368185300059
2025-04-21,0.03891959003054697
2025-04-22,0.0363948120707037
2025-04-23,0.03496618132959842
2025-04-24,0.035468015034920315
2025-04-25,0.03465353225905427
2025-04-28,0.035086795730623954
2025-04-29,0.03519973987138202
2025-04-30,0.035082202350268724
2025-05-01,0.033266890772332226
2025-05-02,0.033349474331429534
2025-05-05,0.03494847529851165
2025-05-06,0.03524083291548019
2025-05-07,0.034848181425051916
2025-05-08,0.031930971023859646
2025-05-09,0.03239168999509798
2025-05-12,0.03131901090405528
2025-05-13,0.031105941069329707
2025-05-14,0.030726462296023292
2025-05-15,0.031044494749502872
2025-05-16,0.03074714329207831
2025-05-19,0.030574914383783323
2025-05-20,0.03071698372603811
2025-05-21,0.03017284862574378
2025-05-22,0.029481537678271857
2025-05-23,0.03135118993612245
2025-05-27,0.03026846163020917
2025-05-28,0.030552216774365235
2025-05-29,0.03139951631194607
2025-05-30,0.03162447226400423
2025-06-02,0.03183369240947061
2025-06-03,0.03177578966794207
2025-06-04,0.032210790429797964
2025-06-05,0.03298713768453133
2025-06-06,0.031829571891527325
2025-06-09,0.030211045291194106
2025-06-10,0.03011956468134248
2025-06-11,0.030558498332505266
2025-06-12,0.03191664376046498
2025-06-13,0.03234205504577292
2025-06-16,0.03180246265815215
2025-06-17,0.03237632817616745
2025-06-18,0.032319722394660855
2025-06-20,0.032602004525384067
2025-06-23,0.031992528741586014
2025-06-24,0.031282758321686546
2025-06-25,0.03098976451511802
2025-06-26,0.031165856394913986
2025-06-27,0.030570062150738594
2025-06-30,0.03074989100016094
2025-07-01,0.031568157132847184
2025-07-02,0.030755290317714384
2025-07-03,0.03038451052270188
2025-07-04,0.03084667454176714
2025-07-07,0.030768278100998667
2025-07-08,0.030353296927676653
2025-07-09,0.029746722216923902
2025-07-10,0.028601430269583887
2025-07-11,0.02855757229257072
2025-07-14,0.027964191087769957
2025-07-15,0.02827202890057232
2025-07-16,0.028234311360000694
2025-07-17,0.027999869835157277
2025-07-18,0.02841447727892504
2025-07-21,0.02896724501390709
2025-07-22,0.02866109490968177
2025-07-23,0.028580701562796556
2025-07-24,0.028478980805623142
2025-07-25,0.02834169235006352
2025-07-28,0.028061181139968226
2025-07-29,0.02818299994004254
2025-07-30,0.027970523922863165
2025-07-31,0.028448955341987776
2025-08-01,0.029541982107375464
2025-08-04,0.029324278180466137
2025-08-05,0.02962902645121305
2025-08-06,0.02938414994610008
2025-08-07,0.028939487714536083
2025-08-08,0.029472428048259
2025-08-11,0.028241045064607135
2025-08-12,0.027867345534416166
2025-08-13,0.02723033345177742
2025-08-14,0.028178538686996314
2025-08-15,0.028416071909016502
2025-08-18,0.028659214423557167
2025-08-19,0.029365995388159757
2025-08-20,0.029257558042510897
2025-08-21,0.029682695761032454
2025-08-22,0.028872096626691532
2025-08-25,0.03063627618196106
2025-08-26,0.030308761985753357
2025-08-27,0.030610834047932262
2025-08-28,0.030492745163644894
2025-08-29,0.03204199950247132
2025-09-02,0.031918895682246505
2025-09-03,0.03216162443793328
2025-09-04,0.03220451645817665
2025-09-05,0.032654024467840395
2025-09-08,0.03246233324408129
2025-09-09,0.032666387379158314
2025-09-10,0.0319739248565399
2025-09-11,0.03148625563198831
2025-09-12,0.03143281909927743
2025-09-15,0.031895742025550074
2025-09-16,0.031571373404579106
2025-09-17,0.03161197922064367
2025-09-18,0.031106257055528233
2025-09-19,0.031735985814321195
2025-09-22,0.033177378785292956
2025-09-23,0.03375098846717389
2025-09-24,0.03293166082600622
2025-09-25,0.03426798958956991
2025-09-26,0.03441074406109358
2025-09-29,0.033399362907780915
2025-09-30,0.03367466117444001
2025-10-01,0.032596164248479116
2025-10-02,0.03181687049647376
2025-10-03,0.03174049356886556
2025-10-06,0.03165066039491684
2025-10-07,0.032742320470697604
2025-10-08,0.0327777909458756
2025-10-09,0.0324249706242299
2025-10-10,0.03511833348641222
2025-10-13,0.035642939794497994
2025-10-14,0.036587244285574284
2025-10-15,0.0377033815353684
2025-10-16,0.03956333213049598
2025-10-17,0.039353685647441634
2025-10-20,0.039211880561620976
2025-10-21,0.03768267994796127
2025-10-22,0.03755643986904079
2025-10-23,0.037480787214070624
2025-10-24,0.03709136660938781
2025-10-27,0.035067678438838075
2025-10-28,0.03511273584837149
2025-10-29,0.03619725521167305
2025-10-30,0.03694455329648254
2025-10-31,0.03634847920469445
2025-11-03,0.03754474923271841
2025-11-04,0.038858938979683066
2025-11-05,0.03831196179094017
2025-11-06,0.039287751806280226
2025-11-07,0.038689240653559324
2025-11-10,0.03879181074804586
2025-11-11,0.03987282264825076
2025-11-12,0.041356168400127624
2025-11-13,0.041996040326365405
