Date,Price_in_BTC
2014-09-17,0.0076967814907739
2014-09-18,0.0079869948294333
2014-09-19,0.0083334178797875
2014-09-22,0.0084047823875713
2014-09-23,0.0073429698113074
2014-09-24,0.0073959433696475
2014-09-25,0.0080665928651609
2014-09-26,0.0079124686759509
2014-09-29,0.0080699499201555
2014-09-30,0.0078305903941604
2014-10-01,0.0066994252014829
2014-10-02,0.0070919720744121
2014-10-03,0.0071513611404416
2014-10-06,0.0066650710313831
2014-10-07,0.0065439769265215
2014-10-08,0.0067433560887902
2014-10-09,0.0065200837969724
2014-10-10,0.0062229988966601
2014-10-13,0.0059167958477727
2014-10-14,0.0057624665625179
2014-10-15,0.0057248087679795
2014-10-16,0.0058814918637687
2014-10-17,0.0058630700226847
2014-10-20,0.0058091393906687
2014-10-21,0.0055139401211132
2014-10-22,0.0055616745581415
2014-10-23,0.0057474952016278
2014-10-24,0.0062230532349467
2014-10-27,0.0063741360576494
2014-10-28,0.0058162616450143
2014-10-29,0.006347011966194
2014-10-30,0.0060815799052298
2014-10-31,0.0063844691694186
2014-11-03,0.0064111566244978
2014-11-04,0.0062936467328964
2014-11-05,0.0062152782210025
2014-11-06,0.0060121957492594
2014-11-07,0.0061329084655384
2014-11-10,0.0058322705503184
2014-11-11,0.0064183626323075
2014-11-12,0.005524587694671
2014-11-13,0.0066074846831832
2014-11-14,0.0072143541390182
2014-11-17,0.0074082103707998
2014-11-18,0.0065032331460244
2014-11-19,0.00683212664312
2014-11-20,0.0068466355710844
2014-11-21,0.0073251094270412
2014-11-24,0.0074290064103342
2014-11-25,0.0078593734641022
2014-11-26,0.0080082528077381
2014-11-28,0.0078364288159336
2014-12-01,0.0077786129959926
2014-12-02,0.0077626110150276
2014-12-03,0.0075997968865251
2014-12-04,0.0072510038809995
2014-12-05,0.0071115074776382
2014-12-08,0.0075516222748412
2014-12-09,0.008091556537393
2014-12-10,0.007899181898216
2014-12-11,0.0081311013430899
2014-12-12,0.008282701468201
2014-12-15,0.0083973999482161
2014-12-16,0.00868642636049
2014-12-17,0.0085684979522198
2014-12-18,0.0079448676545185
2014-12-19,0.0077082086043226
2014-12-22,0.0071108753979222
2014-12-23,0.0063962320896029
2014-12-24,0.0063869234394198
2014-12-26,0.0060379842624025
2014-12-29,0.0064604851574402
2014-12-30,0.0064041295779509
2014-12-31,0.0061213083358844
2015-01-02,0.0062215900532104
2015-01-05,0.0085618306761067
2015-01-06,0.0093993832775582
2015-01-07,0.0087994369201235
2015-01-08,0.0092112550391608
2015-01-09,0.0089529214023744
2015-01-12,0.0107917975359136
2015-01-13,0.0128397562772825
2015-01-14,0.0157212399690785
2015-01-15,0.0127237383525242
2015-01-16,0.0127344464063053
2015-01-20,0.0129380305988125
2015-01-21,0.0127811300052549
2015-01-22,0.0122319046956897
2015-01-23,0.0119804704940218
2015-01-26,0.0104946373869106
2015-01-27,0.0119555935948241
2015-01-28,0.0157749616874995
2015-01-29,0.0256945008948275
2015-01-30,0.0211549073525157
2015-02-02,0.0187634575005431
2015-02-03,0.0205484272573631
2015-02-04,0.0217762168731928
2015-02-05,0.0212333796731453
2015-02-06,0.0186713216351987
2015-02-09,0.0188542096399969
2015-02-10,0.0186045245318558
2015-02-11,0.0193900132186915
2015-02-12,0.01957035409026
2015-02-13,0.0192841089772572
2015-02-17,0.0238085471704908
2015-02-18,0.0236960800300312
2015-02-19,0.02022615015304
2015-02-20,0.0199976202251071
2015-02-23,0.019841601246702
2015-02-24,0.0189331265602892
2015-02-25,0.0179391089694846
2015-02-26,0.0179760267151761
2015-02-27,0.0161526697500287
2015-03-02,0.0143650010710543
2015-03-03,0.0143768956216306
2015-03-04,0.0147569319309587
2015-03-05,0.0145920387503548
2015-03-06,0.0146852309220511
2015-03-09,0.015227532239209
2015-03-10,0.0142925690180904
2015-03-11,0.01484585658224
2015-03-12,0.0157293600664441
2015-03-13,0.0171376294355579
2015-03-16,0.016173823934319
2015-03-17,0.0150610326165729
2015-03-18,0.0180648379883039
2015-03-19,0.0182770721743364
2015-03-20,0.0177651116953486
2015-03-23,0.0157456698021723
2015-03-24,0.0175492168869771
2015-03-25,0.016206533420966
2015-03-26,0.0154507264658262
2015-03-27,0.0161519493547371
2015-03-30,0.0141803284366704
2015-03-31,0.0143311059273258
2015-04-01,0.0147610730228991
2015-04-02,0.0151775650285966
2015-04-06,0.0147754138307125
2015-04-07,0.0140216448969661
2015-04-08,0.0142028061724915
2015-04-09,0.0149091415381147
2015-04-10,0.0160967834055049
2015-04-13,0.0168754196239924
2015-04-14,0.01779530001593
2015-04-15,0.017066295230477
2015-04-16,0.0162311387165081
2015-04-17,0.0162866451880785
2015-04-20,0.0169170079712168
2015-04-21,0.0134739388279952
2015-04-22,0.0138784507001322
2015-04-23,0.0144209217753966
2015-04-24,0.0162279257563481
2015-04-27,0.0161370520684575
2015-04-28,0.0163821926354342
2015-04-29,0.0166955998164144
2015-04-30,0.0148214018364824
2015-05-01,0.0150810718727713
2015-05-04,0.0150197886079568
2015-05-05,0.014949961835418
2015-05-06,0.01556257675231
2015-05-07,0.0148735536283744
2015-05-08,0.0143523203823147
2015-05-11,0.0136274659001124
2015-05-12,0.0137280597792009
2015-05-13,0.0145953289182899
2015-05-14,0.0150255980903151
2015-05-15,0.0141411163717648
2015-05-18,0.0158711092307725
2015-05-19,0.015951919828123
2015-05-20,0.0149561141436526
2015-05-21,0.0149568294435557
2015-05-22,0.0143957924944927
2015-05-26,0.0144654941277896
2015-05-27,0.014834606399543
2015-05-28,0.0141949716015487
2015-05-29,0.0142136517885488
2015-06-01,0.0160142828353232
2015-06-02,0.0158988145115377
2015-06-03,0.0150526408614595
2015-06-04,0.0155578535055203
2015-06-05,0.0166257694020954
2015-06-08,0.015930745594689
2015-06-09,0.0158918656305522
2015-06-10,0.0150784742400932
2015-06-11,0.0142356498764078
2015-06-12,0.0141315410593082
2015-06-15,0.0145678421273969
2015-06-16,0.0136312003748786
2015-06-17,0.013799522249269
2015-06-18,0.0142967863902538
2015-06-19,0.0135319653025149
2015-06-22,0.0134013517517458
2015-06-23,0.0139175427445145
2015-06-24,0.0141779102945105
2015-06-25,0.0137974207480796
2015-06-26,0.0142860665812003
2015-06-29,0.0125649646677801
2015-06-30,0.0122780080357591
2015-07-01,0.013417317229184
2015-07-02,0.0127636914387101
2015-07-06,0.0129353604983225
2015-07-07,0.0123212385938965
2015-07-08,0.0121129306535845
2015-07-09,0.0126287018268856
2015-07-10,0.012179968258213
2015-07-13,0.0120525661505586
2015-07-14,0.0123145858060091
2015-07-15,0.0122450831701107
2015-07-16,0.0126937782787119
2015-07-17,0.0125951800952374
2015-07-20,0.0120366626756835
2015-07-21,0.0124713140189474
2015-07-22,0.0112545182413933
2015-07-23,0.0124180845930838
2015-07-24,0.010961640915739
2015-07-27,0.0108301778581986
2015-07-28,0.0108685685295711
2015-07-29,0.0115680788252223
2015-07-30,0.0116431836316728
2015-07-31,0.0117688388423111
2015-08-03,0.0104541888382578
2015-08-04,0.0107636967951501
2015-08-05,0.0115296476266601
2015-08-06,0.0116305368275486
2015-08-07,0.0115886049271615
2015-08-10,0.0116081215981878
2015-08-11,0.0116389170797024
2015-08-12,0.0124260438432973
2015-08-13,0.0124962137235387
2015-08-14,0.0122327615537316
2015-08-17,0.0126755970083131
2015-08-18,0.0158234594499074
2015-08-19,0.0141165674096657
2015-08-20,0.0135967706169348
2015-08-21,0.0133293770940165
2015-08-24,0.014822204603117
2015-08-25,0.0131763608948255
2015-08-26,0.0136385173438486
2015-08-27,0.0135694868527875
2015-08-28,0.0135698117422567
2015-08-31,0.0136488511850871
2015-09-01,0.0141766866549994
2015-09-02,0.011644947384449
2015-09-03,0.0117086230111967
2015-09-04,0.0120713159527616
2015-09-08,0.0112886742196756
2015-09-09,0.0113365357898073
2015-09-10,0.0114057119618494
2015-09-11,0.0102037845730828
2015-09-14,0.0114895688924305
2015-09-15,0.0118104766678749
2015-09-16,0.0120039633113951
2015-09-17,0.0116182938282012
2015-09-18,0.0109883029325561
2015-09-21,0.010700838870525
2015-09-22,0.0104935439384757
2015-09-23,0.0114641551930723
2015-09-24,0.0112992423825932
2015-09-25,0.0110570541271584
2015-09-28,0.0117921567662535
2015-09-29,0.0122524690360757
2015-09-30,0.0122850128160643
2015-10-01,0.0124184909122302
2015-10-02,0.0119683257531203
2015-10-05,0.0128960865007293
2015-10-06,0.0125983990280283
2015-10-07,0.0118945222419265
2015-10-08,0.0131652801685932
2015-10-09,0.0129134882344603
2015-10-12,0.012800235304564
2015-10-13,0.0125446886254907
2015-10-14,0.0124211776472475
2015-10-15,0.0123859704492366
2015-10-16,0.0119451142881141
2015-10-19,0.0119193581965486
2015-10-20,0.0116899164150933
2015-10-21,0.0119802308135938
2015-10-22,0.0120792773559875
2015-10-23,0.0119350729344791
2015-10-26,0.0119873824837865
2015-10-27,0.011487875830555
2015-10-28,0.011243589752741
2015-10-29,0.0110496879570331
2015-10-30,0.0106397568820966
2015-11-02,0.0096071587816203
2015-11-03,0.0083362872194377
2015-11-04,0.0082125949385203
2015-11-05,0.0084766821677927
2015-11-06,0.0090260904836775
2015-11-09,0.0089281724817
2015-11-10,0.010124132199665
2015-11-11,0.0086407524497476
2015-11-12,0.0079904890059757
2015-11-13,0.0070971904355633
2015-11-16,0.0078911321181976
2015-11-17,0.0073113815542022
2015-11-18,0.0072715864621398
2015-11-19,0.0072972788837165
2015-11-20,0.0073907996689163
2015-11-23,0.0069649525755389
2015-11-24,0.0060303831571418
2015-11-25,0.0059992810002302
2015-11-27,0.0053624993687309
2015-11-30,0.0047174684245985
2015-12-01,0.0057574315708013
2015-12-02,0.0062363057027538
2015-12-03,0.0068966283481062
2015-12-04,0.0065531702289118
2015-12-07,0.0063584605108015
2015-12-08,0.0060736879861877
2015-12-09,0.005987120674393
2015-12-10,0.0062337684692094
2015-12-11,0.005686620730903
2015-12-14,0.0057859163444053
2015-12-15,0.0053941255880664
2015-12-16,0.005715114629922
2015-12-17,0.0057007790069485
2015-12-18,0.0056469147865531
2015-12-21,0.0059684615033002
2015-12-22,0.0059967200935634
2015-12-23,0.0061030604400164
2015-12-24,0.0059122831386225
2015-12-28,0.0063180978340836
2015-12-29,0.0061665240107705
2015-12-30,0.0060756646132289
2015-12-31,0.0059456484717112
2016-01-04,0.0058648181139928
2016-01-05,0.0057644227678333
2016-01-06,0.0053599932264355
2016-01-07,0.0052832892062976
2016-01-08,0.0053394524140788
2016-01-11,0.004794526773657
2016-01-12,0.0053019347009005
2016-01-13,0.005342633828449
2016-01-14,0.005461229696927
2016-01-15,0.0063403882267118
2016-01-19,0.0055504551327789
2016-01-20,0.0052590247730281
2016-01-21,0.0056110487511962
2016-01-22,0.0060184265797146
2016-01-25,0.0058765564917882
2016-01-26,0.0058701577112031
2016-01-27,0.0058282615830922
2016-01-28,0.0063109900263294
2016-01-29,0.0064826576905866
2016-02-01,0.0061652940947779
2016-02-02,0.0065696706911997
2016-02-03,0.0067576881282383
2016-02-04,0.0062885980906558
2016-02-05,0.0063381355960136
2016-02-08,0.0065605028476492
2016-02-09,0.0065154551956553
2016-02-10,0.0060186192304512
2016-02-11,0.0061108271846666
2016-02-12,0.0059750743654663
2016-02-16,0.0052026068283349
2016-02-17,0.0053564310016266
2016-02-18,0.0052796937631779
2016-02-19,0.0052996185692591
2016-02-22,0.0046944820609844
2016-02-23,0.0050150211368917
2016-02-24,0.0052758531464262
2016-02-25,0.0048522648111362
2016-02-26,0.0046048611887415
2016-02-29,0.0043409025315923
2016-03-01,0.0047342935441653
2016-03-02,0.0047925771643281
2016-03-03,0.0048618405922632
2016-03-04,0.0051102473319332
2016-03-07,0.0047716623810046
2016-03-08,0.0044689014993438
2016-03-09,0.0041459771714369
2016-03-10,0.0040754583066937
2016-03-11,0.0036282576360163
2016-03-14,0.0038180955583349
2016-03-15,0.0038384954906896
2016-03-16,0.0041725519628579
2016-03-17,0.0046597769200972
2016-03-18,0.0047125121548369
2016-03-21,0.0052503345948725
2016-03-22,0.0046879972649515
2016-03-23,0.0050234306669546
2016-03-24,0.0045870015166113
2016-03-28,0.0051151380733218
2016-03-29,0.0047297104317239
2016-03-30,0.0047490935339808
2016-03-31,0.0049432603045862
2016-04-01,0.0049287012749902
2016-04-04,0.004603221438902
2016-04-05,0.0045751481329277
2016-04-06,0.0046054326946605
2016-04-07,0.0045890550559508
2016-04-08,0.0046152127439996
2016-04-11,0.0045208918675905
2016-04-12,0.0045156281804844
2016-04-13,0.0045665438757425
2016-04-14,0.00457243059582
2016-04-15,0.0047706257240337
2016-04-18,0.0042931373237067
2016-04-19,0.0042249414410088
2016-04-20,0.0046444291025956
2016-04-21,0.0040473940148605
2016-04-22,0.0039260819764054
2016-04-25,0.003575871308707
2016-04-26,0.0039048338287291
2016-04-27,0.0041152540881332
2016-04-28,0.0039620412373807
2016-04-29,0.0034014727180197
2016-05-02,0.0036296659757411
2016-05-03,0.0036641913661398
2016-05-04,0.0034697194336443
2016-05-05,0.0037725235447547
2016-05-06,0.0036118127559756
2016-05-09,0.0036483430252863
2016-05-10,0.0037259228611586
2016-05-11,0.0037108373224661
2016-05-12,0.0036942075265444
2016-05-13,0.0036868784384345
2016-05-16,0.003699112363445
2016-05-17,0.0033055447971866
2016-05-18,0.0036294128040764
2016-05-19,0.0037609837592315
2016-05-20,0.0037273310395593
2016-05-23,0.0041044229136988
2016-05-24,0.0040921027995255
2016-05-25,0.0042704720456563
2016-05-26,0.004080426333712
2016-05-27,0.003801767384966
2016-05-31,0.0035285085573224
2016-06-01,0.0034642033701627
2016-06-02,0.0034202525134207
2016-06-03,0.0027863962902306
2016-06-06,0.0029716312500534
2016-06-07,0.0030523919421475
2016-06-08,0.0031978267703626
2016-06-09,0.0030541391509646
2016-06-10,0.003039119061195
2016-06-13,0.0026548321734286
2016-06-14,0.0025118187495498
2016-06-15,0.0024911119627655
2016-06-16,0.0023515350026562
2016-06-17,0.0022165576514603
2016-06-20,0.0022516839299429
2016-06-21,0.0024000529177881
2016-06-22,0.002600164867154
2016-06-23,0.0024840658834983
2016-06-24,0.0023222640211461
2016-06-27,0.0023577885613238
2016-06-28,0.0022612022425386
2016-06-29,0.0021253652708619
2016-06-30,0.0020346424679406
2016-07-01,0.0023214687131726
2016-07-05,0.0023410927673682
2016-07-06,0.0022736298446184
2016-07-07,0.0024978066050916
2016-07-08,0.0024005173103211
2016-07-11,0.0031189252239016
2016-07-12,0.0029794552162636
2016-07-13,0.0029489599120365
2016-07-14,0.0028871956936709
2016-07-15,0.0027892741256716
2016-07-18,0.0027231964883517
2016-07-19,0.0026899936777748
2016-07-20,0.0026589152338087
2016-07-21,0.0028976920363043
2016-07-22,0.0029740906545861
2016-07-25,0.0027213089382483
2016-07-26,0.0027616510404605
2016-07-27,0.0035149277275197
2016-07-28,0.0029937332296225
2016-07-29,0.0031355023029207
2016-08-01,0.0034967802919715
2016-08-02,0.0036860800023289
2016-08-03,0.0036196379002786
2016-08-04,0.0034584783645095
2016-08-05,0.0035301705546247
2016-08-08,0.003333028750172
2016-08-09,0.0034365370145179
2016-08-10,0.0025992098727081
2016-08-11,0.0026123710739543
2016-08-12,0.0030635219407655
2016-08-15,0.0038784290345515
2016-08-16,0.0034116156690513
2016-08-17,0.0030529503530346
2016-08-18,0.0030993282337948
2016-08-19,0.0031270085594004
2016-08-22,0.0030677303410066
2016-08-23,0.0033423894159815
2016-08-24,0.0033610143449952
2016-08-25,0.0030289341811081
2016-08-26,0.0030535615015664
2016-08-29,0.0032572325755708
2016-08-30,0.003151498921546
2016-08-31,0.0031626214660727
2016-09-01,0.0035820186671635
2016-09-02,0.0034750155839093
2016-09-06,0.003259965162443
2016-09-07,0.0029615455258748
2016-09-08,0.0029857133898171
2016-09-09,0.0031788793103448
2016-09-12,0.0032552780402958
2016-09-13,0.0032499453067356
2016-09-14,0.0029802647357359
2016-09-15,0.0032117003954359
2016-09-16,0.0032126634554161
2016-09-19,0.0032007775106884
2016-09-20,0.0031233971047025
2016-09-21,0.0030143230450957
2016-09-22,0.0030186249692417
2016-09-23,0.0027536237052953
2016-09-26,0.0026642851334728
2016-09-27,0.0028869978766388
2016-09-28,0.0028938628951709
2016-09-29,0.0028892525086978
2016-09-30,0.0027880966133237
2016-10-03,0.0027771743393806
2016-10-04,0.0027859537217349
2016-10-05,0.0028570916098842
2016-10-06,0.0031646551579511
2016-10-07,0.0031436300923952
2016-10-10,0.003134117615143
2016-10-11,0.0030261811344199
2016-10-12,0.0029708011675326
2016-10-13,0.0024340986236643
2016-10-14,0.002420445385025
2016-10-17,0.0024249326398958
2016-10-18,0.0023982693565324
2016-10-19,0.0030768254728259
2016-10-20,0.0024411237015116
2016-10-21,0.0022596976444274
2016-10-24,0.0029674454392216
2016-10-25,0.0029501755198803
2016-10-26,0.0028600745552661
2016-10-27,0.0028184853260792
2016-10-28,0.0022910139196173
2016-10-31,0.0023253425677911
2016-11-01,0.0022061049483839
2016-11-02,0.0021732411377977
2016-11-03,0.0023377377461424
2016-11-04,0.0023036396631468
2016-11-07,0.0023039804069483
2016-11-08,0.0022821786544563
2016-11-09,0.0022398181347865
2016-11-10,0.0022640433753068
2016-11-11,0.0022612717846004
2016-11-14,0.0022978039146978
2016-11-15,0.002276499029015
2016-11-16,0.0021768400466273
2016-11-17,0.0021863027154507
2016-11-18,0.0021554447699295
2016-11-21,0.0024890159575994
2016-11-22,0.0024489351397522
2016-11-23,0.0022831235022863
2016-11-25,0.0022921895369683
2016-11-28,0.0023103697199673
2016-11-29,0.0022430546427102
2016-11-30,0.0019445052823632
2016-12-01,0.0019820977281608
2016-12-02,0.0019281594284061
2016-12-05,0.0019770660021957
2016-12-06,0.0019627753144585
2016-12-07,0.0019527893159158
2016-12-08,0.0019057874009587
2016-12-09,0.002199810083567
2016-12-12,0.0021792442406449
2016-12-13,0.0020113867442701
2016-12-14,0.0020090059977869
2016-12-15,0.001940654483588
2016-12-16,0.0018855737714383
2016-12-19,0.0018670037858914
2016-12-20,0.0018479765436664
2016-12-21,0.0017739826373596
2016-12-22,0.0017118930953898
2016-12-23,0.0016160801004495
2016-12-27,0.0015966601007023
2016-12-28,0.001434542290553
2016-12-29,0.0014381143062754
2016-12-30,0.0015084714542861
2017-01-03,0.0013891018692163
2017-01-04,0.0012990049841704
2017-01-05,0.001480194983888
2017-01-06,0.0016626007050222
2017-01-09,0.0016614460286261
2017-01-10,0.0017627377029085
2017-01-11,0.0020571977939982
2017-01-12,0.0021743614633258
2017-01-13,0.0021238276244848
2017-01-17,0.0019274444098465
2017-01-18,0.0019737925889017
2017-01-19,0.0019464492914386
2017-01-20,0.0019217319125182
2017-01-23,0.0021715243102636
2017-01-24,0.0030245763769825
2017-01-25,0.0028506713558699
2017-01-26,0.0028335217721099
2017-01-27,0.002837727529324
2017-01-30,0.0024989622838436
2017-01-31,0.002576249208838
2017-02-01,0.0025075250963441
2017-02-02,0.0027179284771474
2017-02-03,0.0024371060647665
2017-02-06,0.0024177622997022
2017-02-07,0.0023649126567111
2017-02-08,0.0023610863981482
2017-02-09,0.0025241783111294
2017-02-10,0.0025387538884929
2017-02-13,0.0025236159251254
2017-02-14,0.0026379972401269
2017-02-15,0.0027692857584673
2017-02-16,0.0026376237957401
2017-02-17,0.0025807439696562
2017-02-21,0.0024567379983671
2017-02-22,0.0024520333558943
2017-02-23,0.002142759241957
2017-02-24,0.0020022491625399
2017-02-27,0.0022881938648615
2017-02-28,0.0022881938648615
2017-03-01,0.0022085889960602
2017-03-02,0.0017985467601666
2017-03-03,0.0020392316210691
2017-03-06,0.0018227100346019
2017-03-07,0.0018961373221757
2017-03-08,0.0021739130434782
2017-03-09,0.0023391025538562
2017-03-10,0.0025968910482916
2017-03-13,0.002435222979563
2017-03-14,0.0025403226575543
2017-03-15,0.0025207865912508
2017-03-16,0.0026940334648051
2017-03-17,0.002863037865979
2017-03-20,0.0027982509531478
2017-03-21,0.0026326592043527
2017-03-22,0.0021922716893864
2017-03-23,0.0022626830433283
2017-03-24,0.0027199418670454
2017-03-27,0.0024862061983742
2017-03-28,0.0024829297082692
2017-03-29,0.002500072096192
2017-03-30,0.0025106434611967
2017-03-31,0.0023325464026394
2017-04-03,0.0021856775792596
2017-04-04,0.0022060445621001
2017-04-05,0.0022226568172292
2017-04-06,0.0021138430399292
2017-04-07,0.0021242246139341
2017-04-10,0.0021059193093571
2017-04-11,0.0020746715626754
2017-04-12,0.0020826911786943
2017-04-13,0.0021380678172561
2017-04-17,0.0020939601213065
2017-04-18,0.0021457986170613
2017-04-19,0.0020656205697078
2017-04-20,0.0021967651773857
2017-04-21,0.0022094021846919
2017-04-24,0.0021997359887177
2017-04-25,0.0021730713172142
2017-04-26,0.0020295375728457
2017-04-27,0.0019730900436124
2017-04-28,0.0020889037743064
2017-05-01,0.0019344401007509
2017-05-02,0.0018928704875124
2017-05-03,0.0018455261514938
2017-05-04,0.0017884200910516
2017-05-05,0.0017679771682323
2017-05-08,0.0015957292708725
2017-05-09,0.0015894175469051
2017-05-10,0.0015611622849094
2017-05-11,0.0014876364324328
2017-05-12,0.0015949055906226
2017-05-15,0.0016106486115672
2017-05-16,0.0017365736508501
2017-05-17,0.0016312415682513
2017-05-18,0.00169433193356
2017-05-19,0.001509274521412
2017-05-22,0.0013803258189
2017-05-23,0.0012928694378627
2017-05-24,0.0012890606774487
2017-05-25,0.0013232218839905
2017-05-26,0.0014075426188451
2017-05-30,0.0014479630322588
2017-05-31,0.0013777057555096
2017-06-01,0.0013082048310848
2017-06-02,0.001205521263843
2017-06-05,0.0011723940385336
2017-06-06,0.001170019545181
2017-06-07,0.0011712345362732
2017-06-08,0.0011405678295789
2017-06-09,0.0011332207128964
2017-06-12,0.001203174948651
2017-06-13,0.0011409558569124
2017-06-14,0.0012368484141165
2017-06-15,0.0012781082356893
2017-06-16,0.0012268914944576
2017-06-19,0.0011932343982246
2017-06-20,0.0011389562971948
2017-06-21,0.0011528019754022
2017-06-22,0.001145852201826
2017-06-23,0.0010608726822055
2017-06-26,0.0011749278776016
2017-06-27,0.0011753413611979
2017-06-28,0.0011651435474297
2017-06-29,0.0011814186157077
2017-06-30,0.0012495766735486
2017-07-03,0.0012090200049107
2017-07-05,0.0011913957840988
2017-07-06,0.0011883950666268
2017-07-07,0.0012308132152849
2017-07-10,0.0013066054506835
2017-07-11,0.0013260386317137
2017-07-12,0.0012506044130011
2017-07-13,0.0012723186412697
2017-07-14,0.0013432795194365
2017-07-17,0.0013686889183818
2017-07-18,0.0013152901859742
2017-07-19,0.0013195920218377
2017-07-20,0.0010647359085824
2017-07-21,0.0011432812326264
2017-07-24,0.0011071342403555
2017-07-25,0.0011643793170301
2017-07-26,0.0012848643233657
2017-07-27,0.0012164175060681
2017-07-28,0.0011747910975196
2017-07-31,0.0011476903084313
2017-08-01,0.0012508001748002
2017-08-02,0.0014387587599266
2017-08-03,0.0011409298114141
2017-08-04,0.0012604070702833
2017-08-07,0.001035827821948
2017-08-08,0.0009649292118736
2017-08-09,0.0010172118598427
2017-08-10,0.0009759617434
2017-08-11,0.0009039559982643
2017-08-14,0.0007629828564062
2017-08-15,0.0008010654802496
2017-08-16,0.0007677139682957
2017-08-17,0.0007756787629183
2017-08-18,0.0008075719004519
2017-08-21,0.0008396347347142
2017-08-22,0.0008194082406845
2017-08-23,0.0008093420913998
2017-08-24,0.0007797576700873
2017-08-25,0.0007548723301762
2017-08-28,0.0007620942065074
2017-08-29,0.00072941369549
2017-08-30,0.0007206536487428
2017-08-31,0.0006994954418449
2017-09-01,0.0006950108970056
2017-09-05,0.0007768712341223
2017-09-06,0.0007395934865081
2017-09-07,0.0007282798659916
2017-09-08,0.0007921962529429
2017-09-11,0.0008050426645973
2017-09-12,0.0007988747740775
2017-09-13,0.0008757041094736
2017-09-14,0.0011569122020498
2017-09-15,0.0010171765455081
2017-09-18,0.0009347633567743
2017-09-19,0.0009808992000881
2017-09-20,0.0010394398273232
2017-09-21,0.0011153829611255
2017-09-22,0.0011154874391169
2017-09-25,0.0010443012562803
2017-09-26,0.0010790395786324
2017-09-27,0.0010355490875348
2017-09-28,0.0010419835354582
2017-09-29,0.0010208812677787
2017-10-02,0.0010205655700643
2017-10-03,0.0011580829610371
2017-10-04,0.0013004332045022
2017-10-05,0.0012129164775244
2017-10-06,0.0011668317397149
2017-10-09,0.0010687297797911
2017-10-10,0.0011501487310583
2017-10-11,0.0010380236215949
2017-10-12,0.0009179516196467
2017-10-13,0.0009739322670919
2017-10-16,0.0009780651526664
2017-10-17,0.0009972331485118
2017-10-18,0.0010016652619486
2017-10-19,0.0010072663282824
2017-10-20,0.0009980952690381
2017-10-23,0.0010033185368799
2017-10-24,0.0010838411083292
2017-10-25,0.0009702998040651
2017-10-26,0.000973779079825
2017-10-27,0.0010379006904387
2017-10-30,0.0010194877472307
2017-10-31,0.0010203450628092
2017-11-01,0.0010713267069525
2017-11-02,0.0010736737874736
2017-11-03,0.000971175542418
2017-11-06,0.0009882155005771
2017-11-07,0.0009797911246069
2017-11-08,0.0009383768031892
2017-11-09,0.0009645023631195
2017-11-10,0.001057698969105
2017-11-13,0.0010671560974839
2017-11-14,0.0010548920619372
2017-11-15,0.0009568671571233
2017-11-16,0.0008829107677002
2017-11-17,0.0009080307260977
2017-11-20,0.0008596890599964
2017-11-21,0.000867274775347
2017-11-22,0.0008481199199918
2017-11-24,0.0008541633891885
2017-11-27,0.0007129507787455
2017-11-28,0.0006929255900831
2017-11-29,0.0007129414488074
2017-11-30,0.0006937930127858
2017-12-01,0.0006514450553808
2017-12-04,0.0006176440044463
2017-12-05,0.0006209772818047
2017-12-06,0.0005422803764475
2017-12-07,0.0004212361263565
2017-12-08,0.0004526416058026
2017-12-11,0.0004723442226973
2017-12-12,0.0004679765859944
2017-12-13,0.0005021879403866
2017-12-14,0.0004829751267809
2017-12-15,0.000451801265242
2017-12-18,0.0004316163029161
2017-12-19,0.0004472146213105
2017-12-20,0.000481214596921
2017-12-21,0.0004872523156466
2017-12-22,0.0005603030776496
2017-12-26,0.0004844780857749
2017-12-27,0.0005050983363323
2017-12-28,0.0005340088447427
2017-12-29,0.0005458440723645
2018-01-02,0.0005339705520976
2018-01-03,0.0005262811657127
2018-01-04,0.0004807938808461
2018-01-05,0.0004331736533311
2018-01-08,0.0004943935895691
2018-01-09,0.0005138605176475
2018-01-10,0.0005008915935585
2018-01-11,0.0005594593466461
2018-01-12,0.0005436104399654
2018-01-16,0.0006440102776526
2018-01-17,0.0006658563242376
2018-01-18,0.0006492430919358
2018-01-19,0.0006461395099334
2018-01-22,0.000689756087273
2018-01-23,0.0006937543420241
2018-01-24,0.0006558444594851
2018-01-25,0.0006661100715669
2018-01-26,0.0006713571922723
2018-01-29,0.0006772068827974
2018-01-30,0.0007668484163121
2018-01-31,0.0007582354439527
2018-02-01,0.0008341929769437
2018-02-02,0.0008662910959281
2018-02-05,0.0010998854212539
2018-02-06,0.000965953026969
2018-02-07,0.0009827719631907
2018-02-08,0.0009061663974025
2018-02-09,0.0008217941946899
2018-02-12,0.0008121820302975
2018-02-13,0.0008373738756888
2018-02-14,0.0007583233783866
2018-02-15,0.0007032971180203
2018-02-16,0.0007309041258527
2018-02-20,0.0006568043391913
2018-02-21,0.0007015639944203
2018-02-22,0.000759620180373
2018-02-23,0.0007523468652751
2018-02-26,0.0007331165907613
2018-02-27,0.0007365555664097
2018-02-28,0.0007982380941269
2018-03-01,0.0007396585135119
2018-03-02,0.0007748231932748
2018-03-05,0.0007603708829154
2018-03-06,0.0008339594472446
2018-03-07,0.0008730057123125
2018-03-08,0.0009366674873434
2018-03-09,0.0009531407922517
2018-03-12,0.0009505579382568
2018-03-13,0.0009537948776042
2018-03-14,0.0010749945651997
2018-03-15,0.0010818155181403
2018-03-16,0.0010661582639
2018-03-19,0.0010300498735274
2018-03-20,0.0009973669756043
2018-03-21,0.0009832819067276
2018-03-22,0.0010059036701762
2018-03-23,0.0010022950870728
2018-03-26,0.0010658512904294
2018-03-27,0.0011157864287087
2018-03-28,0.0010748660140861
2018-03-29,0.0012210949051041
2018-04-02,0.0011646291859548
2018-04-03,0.0011601223395498
2018-04-04,0.0012766566186951
2018-04-05,0.0012332138809364
2018-04-06,0.0012431588920552
2018-04-09,0.0012184801378578
2018-04-10,0.0012436428333224
2018-04-11,0.0011911049435314
2018-04-12,0.0010774154704186
2018-04-13,0.0010486375024612
2018-04-16,0.0010287057345964
2018-04-17,0.0010490895605812
2018-04-18,0.0010289804639378
2018-04-19,0.0010006860872956
2018-04-20,0.0009428171329236
2018-04-23,0.0009338385760442
2018-04-24,0.0008455787377432
2018-04-25,0.00091682543708
2018-04-26,0.0008834769360082
2018-04-27,0.0009113112487828
2018-04-30,0.0009425846104664
2018-05-01,0.0010516492907747
2018-05-02,0.0010036899990663
2018-05-03,0.0009954986483062
2018-05-04,0.0010411556028074
2018-05-07,0.0010818297000511
2018-05-08,0.0011207581773367
2018-05-09,0.0011785295446745
2018-05-10,0.0012439268134795
2018-05-11,0.0013173029378482
2018-05-14,0.0013617397955401
2018-05-15,0.001368916520643
2018-05-16,0.001362197524876
2018-05-17,0.00140839500614
2018-05-18,0.0013695360139737
2018-05-21,0.0013659595366965
2018-05-22,0.0014797718833952
2018-05-23,0.0016208377925
2018-05-24,0.0016145316082145
2018-05-25,0.0016577229024976
2018-05-29,0.0016593978630984
2018-05-30,0.0016877021822714
2018-05-31,0.0016346039825228
2018-06-01,0.00161109591708
2018-06-04,0.001628857314111
2018-06-05,0.0016060238473954
2018-06-06,0.0016266046999123
2018-06-07,0.0016449081728254
2018-06-08,0.0017180508799688
2018-06-11,0.0019183659503617
2018-06-12,0.0020129558813569
2018-06-13,0.0021732626345245
2018-06-14,0.002052326785688
2018-06-15,0.0021605865087196
2018-06-18,0.0021158695216695
2018-06-19,0.0021122787372563
2018-06-20,0.0021308778060473
2018-06-21,0.0021471853750692
2018-06-22,0.0024162966802787
2018-06-25,0.0023603096062366
2018-06-26,0.0023795184488001
2018-06-27,0.0024037173930744
2018-06-28,0.0025070129174905
2018-06-29,0.0024846019482075
2018-07-02,0.0023132118847862
2018-07-03,0.0024335372854287
2018-07-05,0.0024250128856937
2018-07-06,0.0023900501699655
2018-07-09,0.0023999703793786
2018-07-10,0.0025545224808037
2018-07-11,0.0025255249600347
2018-07-12,0.0025927905116079
2018-07-13,0.0025889500924462
2018-07-16,0.0023584380344169
2018-07-17,0.0021499677214077
2018-07-18,0.0021368159759322
2018-07-19,0.0021026241414374
2018-07-20,0.002134854844753
2018-07-23,0.0020308360437168
2018-07-24,0.0018660371927459
2018-07-25,0.0019434349606639
2018-07-26,0.002022239575747
2018-07-27,0.0019804018048294
2018-07-30,0.0021392387783824
2018-07-31,0.0026013952840126
2018-08-01,0.00276724577065
2018-08-02,0.002907303315504
2018-08-03,0.0028919655283909
2018-08-06,0.0031948559665795
2018-08-07,0.003516892871423
2018-08-08,0.0038218784496702
2018-08-09,0.0035930532961919
2018-08-10,0.0037754398393696
2018-08-13,0.0035092902497847
2018-08-14,0.0036937211196678
2018-08-15,0.003526976205372
2018-08-16,0.0035913132951432
2018-08-17,0.0034920668616018
2018-08-20,0.0035824512447649
2018-08-21,0.0034629112688671
2018-08-22,0.0034500549867828
2018-08-23,0.0035042724624151
2018-08-24,0.0034598420429809
2018-08-27,0.0036457970036226
2018-08-28,0.0034525132522604
2018-08-29,0.0035333381201003
2018-08-30,0.0036384583856811
2018-08-31,0.0036234045960289
2018-09-04,0.0035589799320871
2018-09-05,0.0038275651975644
2018-09-06,0.0041659201840972
2018-09-07,0.0045909509779638
2018-09-10,0.0046605682875543
2018-09-11,0.0045877363639748
2018-09-12,0.0047703013584747
2018-09-13,0.0046031260950124
2018-09-14,0.0046094483921163
2018-09-17,0.0047777493624988
2018-09-18,0.0047133240637258
2018-09-19,0.0047041981761014
2018-09-20,0.005121424825146
2018-09-21,0.005076503557592
2018-09-24,0.0051990702781438
2018-09-25,0.0054603526565417
2018-09-26,0.0054056967837338
2018-09-27,0.0053431683434396
2018-09-28,0.0053581129661859
2018-10-01,0.0056148911988862
2018-10-02,0.005857140823644
2018-10-03,0.0060514348005422
2018-10-04,0.0056715459553936
2018-10-05,0.0055568305748892
2018-10-08,0.0053741377109576
2018-10-09,0.0054195318817591
2018-10-10,0.0051172801372638
2018-10-11,0.0053914169339128
2018-10-12,0.0053039404015769
2018-10-15,0.0050117184429292
2018-10-16,0.0052925134012316
2018-10-17,0.0053251387115549
2018-10-18,0.0055583776666122
2018-10-19,0.0057382281367342
2018-10-22,0.0057667760539825
2018-10-23,0.0058371704035328
2018-10-24,0.0058175696791365
2018-10-25,0.0055587380711583
2018-10-26,0.0048635082082116
2018-10-29,0.0049742367046422
2018-10-30,0.0051308201102555
2018-10-31,0.0053976106806332
2018-11-01,0.004901392221418
2018-11-02,0.0048697335962594
2018-11-05,0.0048444932635868
2018-11-06,0.0047980116304624
2018-11-07,0.0048988228585232
2018-11-08,0.0048809057336494
2018-11-09,0.0046996219126952
2018-11-12,0.0045595303837393
2018-11-13,0.0045679760745659
2018-11-14,0.0052088141854322
2018-11-15,0.00527617600661
2018-11-16,0.0053160675499175
2018-11-19,0.00595300382527
2018-11-20,0.0064534675958576
2018-11-21,0.0062470531266882
2018-11-23,0.0066135894661514
2018-11-26,0.0074091129091233
2018-11-27,0.0074331539176643
2018-11-28,0.0066119856944092
2018-11-29,0.0067191002978633
2018-11-30,0.0070694799792242
2018-12-03,0.0079915138866771
2018-12-04,0.0074932513041698
2018-12-06,0.0087756620840256
2018-12-07,0.0088861277608474
2018-12-10,0.0092786730828356
2018-12-11,0.0091251849186643
2018-12-12,0.008890290443974
2018-12-13,0.0091107245190057
2018-12-14,0.0095605689177001
2018-12-17,0.0086297708944425
2018-12-18,0.0083873118129278
2018-12-19,0.0084090802737904
2018-12-20,0.0076672995570861
2018-12-21,0.0074039976435509
2018-12-24,0.0075883899947096
2018-12-26,0.0079978273706728
2018-12-27,0.0087555288179889
2018-12-28,0.0084099601732687
2018-12-31,0.0091912249143042
2019-01-02,0.0088755683821496
2019-01-03,0.0093803568444671
2019-01-04,0.0095782027798375
2019-01-07,0.0092267598678434
2019-01-08,0.009216423552543
2019-01-09,0.0094788576437386
2019-01-10,0.010600924090219
2019-01-11,0.0103190203029122
2019-01-14,0.0101860409657713
2019-01-15,0.0104663724882232
2019-01-16,0.0100547007569614
2019-01-17,0.0102893408503578
2019-01-18,0.0103886464951466
2019-01-22,0.011083131007546
2019-01-23,0.01108748555636
2019-01-24,0.0109001572633532
2019-01-25,0.0110007150224952
2019-01-28,0.0115258813510972
2019-01-29,0.0115570321798009
2019-01-30,0.0114738714511814
2019-01-31,0.0115246926718613
2019-02-01,0.0114652031771116
2019-02-04,0.0115635208464858
2019-02-05,0.0115683392084912
2019-02-06,0.0117436223667903
2019-02-07,0.0116488684729273
2019-02-08,0.0109060261854679
2019-02-11,0.0108265727478611
2019-02-12,0.0105651284212414
2019-02-13,0.0105972615559723
2019-02-14,0.0106168831705765
2019-02-15,0.0110472494445864
2019-02-19,0.0101340366130421
2019-02-20,0.0100004486285242
2019-02-21,0.0101160355711028
2019-02-22,0.0102108924729668
2019-02-25,0.0105596721833475
2019-02-26,0.0103389460457515
2019-02-27,0.0106464543622403
2019-02-28,0.010830693712747
2019-03-01,0.0108820025232693
2019-03-04,0.0103175360743692
2019-03-05,0.0101889578808352
2019-03-06,0.010015515649275
2019-03-07,0.0100984680528092
2019-03-08,0.010509771084424
2019-03-11,0.0103963214962967
2019-03-12,0.0103347113653691
2019-03-13,0.0104307522212655
2019-03-14,0.010702357116515
2019-03-15,0.0107046081328697
2019-03-18,0.0105418279258225
2019-03-19,0.010426926482983
2019-03-20,0.0105077063248108
2019-03-21,0.0107089850366481
2019-03-22,0.0106238412481266
2019-03-25,0.0105953202392794
2019-03-26,0.0105393094887419
2019-03-27,0.0100316457756679
2019-03-28,0.0105674287065453
2019-03-29,0.0104358448295705
2019-04-01,0.0103410549534115
2019-04-02,0.0087604650394887
2019-04-03,0.0082243757921771
2019-04-04,0.0084809478220952
2019-04-05,0.008110499203451
2019-04-08,0.0077508081219917
2019-04-09,0.0078079391834052
2019-04-10,0.007690788375351
2019-04-11,0.0083720216652007
2019-04-12,0.0086451836717777
2019-04-15,0.0088215994701678
2019-04-16,0.0085473194219293
2019-04-17,0.0083969000724156
2019-04-18,0.0082100477610828
2019-04-22,0.0079361177868311
2019-04-23,0.0078961125630662
2019-04-24,0.0081392652356177
2019-04-25,0.008791836484185
2019-04-26,0.0087131969214135
2019-04-29,0.0089187831175188
2019-04-30,0.0083633501875475
2019-05-01,0.0078664411331001
2019-05-02,0.0074001639083671
2019-05-03,0.0078879535431499
2019-05-06,0.0079174398895582
2019-05-07,0.0077536648777822
2019-05-08,0.0073514938298604
2019-05-09,0.0070855609158561
2019-05-10,0.0067880582241512
2019-05-13,0.0055022991017901
2019-05-14,0.0055038416707364
2019-05-15,0.0053624740124245
2019-05-16,0.005453455330947
2019-05-17,0.0059763921399695
2019-05-20,0.0054710842958174
2019-05-21,0.0055881161783186
2019-05-22,0.0056640135252736
2019-05-23,0.0055824480972705
2019-05-24,0.0056151135593863
2019-05-28,0.0051250222268331
2019-05-29,0.0051146216117844
2019-05-30,0.0054089966827637
2019-05-31,0.0051326594316645
2019-06-03,0.0053843375628761
2019-06-04,0.0056099229855661
2019-06-05,0.0055596514883338
2019-06-06,0.0054972987927716
2019-06-07,0.0053642793950253
2019-06-10,0.0053747785659465
2019-06-11,0.005360939874263
2019-06-12,0.0050332331977598
2019-06-13,0.0053335448659934
2019-06-14,0.005061058794258
2019-06-17,0.0046672054321644
2019-06-18,0.0046797082709434
2019-06-19,0.0046098992785027
2019-06-20,0.0045134121075723
2019-06-21,0.0042781565585704
2019-06-24,0.0039868851797666
2019-06-25,0.0036468749655765
2019-06-26,0.0033419811396842
2019-06-27,0.003912255787475
2019-06-28,0.0035221110108823
2019-07-01,0.0040904705339421
2019-07-02,0.0040215973569056
2019-07-03,0.003657638504483
2019-07-05,0.0040078481095305
2019-07-08,0.00367085728646
2019-07-09,0.0034985412482066
2019-07-10,0.0036276849767224
2019-07-11,0.0038780975094508
2019-07-12,0.0037872420259562
2019-07-15,0.0041073548398199
2019-07-16,0.0047554024080625
2019-07-17,0.0048484584726831
2019-07-18,0.0044344515245304
2019-07-19,0.0045913234271992
2019-07-22,0.0047616255580856
2019-07-23,0.0050450634628874
2019-07-24,0.0050958396052635
2019-07-25,0.0050444711512409
2019-07-26,0.0052683282625212
2019-07-29,0.0053313608830066
2019-07-30,0.0053083949362888
2019-07-31,0.0051627920500174
2019-08-01,0.004904002258936
2019-08-02,0.0048725183743057
2019-08-05,0.004235259044408
2019-08-06,0.0043560954920792
2019-08-07,0.0041869143226488
2019-08-08,0.0042460531729611
2019-08-09,0.0042569561002225
2019-08-12,0.0043056883771974
2019-08-13,0.0045292555152083
2019-08-14,0.0047753096902781
2019-08-15,0.0046549761279997
2019-08-16,0.0046268008607099
2019-08-19,0.0043926131212505
2019-08-20,0.0042738090377487
2019-08-21,0.0045373618088491
2019-08-22,0.0045098951325263
2019-08-23,0.0043236118372385
2019-08-26,0.0043390974526635
2019-08-27,0.0044180452604192
2019-08-28,0.0046573745055453
2019-08-29,0.0047843367190552
2019-08-30,0.0045612842154421
2019-09-03,0.0040476149985682
2019-09-04,0.0040115179973086
2019-09-05,0.0039827778063652
2019-09-06,0.0040972430979056
2019-09-09,0.0042312633746161
2019-09-10,0.0041518486915276
2019-09-11,0.0041018347248056
2019-09-12,0.0039624876993087
2019-09-13,0.0039524941353966
2019-09-16,0.0040868776997477
2019-09-17,0.004147922018896
2019-09-18,0.004412522601251
2019-09-19,0.0043345218200007
2019-09-20,0.0042232875289384
2019-09-23,0.0046251927665518
2019-09-24,0.0050924729834516
2019-09-25,0.0049428578475323
2019-09-26,0.0051977051689998
2019-09-27,0.0050582625003106
2019-09-30,0.0050639821093355
2019-10-01,0.0049141366287763
2019-10-02,0.0045037305034629
2019-10-03,0.0046004886127502
2019-10-04,0.0048135865766055
2019-10-07,0.0048510585279737
2019-10-08,0.0047394613562293
2019-10-09,0.004385893446637
2019-10-10,0.0045420275735739
2019-10-11,0.0048126855935161
2019-10-14,0.0047154005786305
2019-10-15,0.0048139211439537
2019-10-16,0.0052376341555462
2019-10-17,0.0053677785068335
2019-10-18,0.0054620426133874
2019-10-21,0.0054271612648772
2019-10-22,0.0055383605717969
2019-10-23,0.0058671889985333
2019-10-24,0.0062040530263415
2019-10-25,0.0054268129527723
2019-10-28,0.0049966787279063
2019-10-29,0.0049004594989958
2019-10-30,0.0049697326647051
2019-10-31,0.0051089261308599
2019-11-01,0.0050641909467108
2019-11-04,0.0049933003164906
2019-11-05,0.0049772399147547
2019-11-06,0.004903385376214
2019-11-07,0.0049635494605206
2019-11-08,0.0052698045853141
2019-11-11,0.0051953757676621
2019-11-12,0.0051612685962195
2019-11-13,0.0051656043392318
2019-11-14,0.0050642534169503
2019-11-15,0.0052991099151314
2019-11-18,0.0052952804003521
2019-11-19,0.0052399753281321
2019-11-20,0.0054128005198649
2019-11-21,0.0056262470969219
2019-11-22,0.0058315009248904
2019-11-25,0.0059444730250158
2019-11-26,0.0059570226359284
2019-11-27,0.0057092300494131
2019-11-29,0.0055403491922347
2019-12-02,0.0058727217728705
2019-12-03,0.0059015221373446
2019-12-04,0.0059279917494531
2019-12-05,0.0057476145687785
2019-12-06,0.0057108808789894
2019-12-09,0.0059587350140614
2019-12-10,0.0061829156835063
2019-12-11,0.0062210535686632
2019-12-12,0.0062127800309816
2019-12-13,0.0061887144130289
2019-12-16,0.0064911830913696
2019-12-17,0.0067765827008167
2019-12-18,0.0062871018591559
2019-12-19,0.006351657551728
2019-12-20,0.0066354370065995
2019-12-23,0.0065256151170908
2019-12-24,0.0066507048731421
2019-12-26,0.0066100591171073
2019-12-27,0.0068586274131702
2019-12-30,0.0065830289956436
2019-12-31,0.0066725986800195
2020-01-02,0.0068714057212644
2020-01-03,0.006535160825891
2020-01-06,0.0061138704602327
2020-01-07,0.0060021859842689
2020-01-08,0.0061510946455909
2020-01-09,0.0063078501183168
2020-01-10,0.0063674346280558
2020-01-13,0.0061393426946318
2020-01-14,0.0055676610652027
2020-01-15,0.0056772952212365
2020-01-16,0.0057314564156882
2020-01-17,0.0055997073277966
2020-01-21,0.0057169680952982
2020-01-22,0.0057597873918478
2020-01-23,0.0059501466111607
2020-01-24,0.0059227266567897
2020-01-27,0.0054995503446809
2020-01-28,0.0053426852586548
2020-01-29,0.0053667474858307
2020-01-30,0.005147758539562
2020-01-31,0.005079926332713
2020-02-03,0.0051831803746225
2020-02-04,0.0053371308199094
2020-02-05,0.0052000205725057
2020-02-06,0.0051388508465604
2020-02-07,0.0051092577203563
2020-02-10,0.0051539010260156
2020-02-11,0.0050243743646703
2020-02-12,0.0049670471896314
2020-02-13,0.0050898833091129
2020-02-14,0.0050426119078105
2020-02-18,0.0051222659013794
2020-02-19,0.0054497967882693
2020-02-20,0.0055159634351955
2020-02-21,0.0055425927307732
2020-02-24,0.0057511911569768
2020-02-25,0.0056734824699301
2020-02-26,0.0059236853861428
2020-02-27,0.0055780104369804
2020-02-28,0.0061113029150977
2020-03-02,0.0060892906722864
2020-03-03,0.0059742009200669
2020-03-04,0.0062819479214024
2020-03-05,0.0057662040776933
2020-03-06,0.0057801846249157
2020-03-09,0.0063089657141119
2020-03-10,0.0058914781498088
2020-03-11,0.0056879728443733
2020-03-12,0.0081375427927361
2020-03-13,0.0071894511654423
2020-03-16,0.0072589783322808
2020-03-17,0.0068891223012628
2020-03-18,0.0062976785593776
2020-03-19,0.0055724317943765
2020-03-20,0.005323629640354
2020-03-23,0.0048002630042829
2020-03-24,0.0050484025161391
2020-03-25,0.0052416809299941
2020-03-26,0.0052259822508027
2020-03-27,0.0050295232101953
2020-03-30,0.0057544184085497
2020-03-31,0.0061969567246994
2020-04-01,0.0051780168092833
2020-04-02,0.0052254875050518
2020-04-03,0.0050821377367054
2020-04-06,0.0044720817829556
2020-04-07,0.0047377419126795
2020-04-08,0.0048608565702105
2020-04-09,0.0057517784233282
2020-04-13,0.0058436494218375
2020-04-14,0.0061381722438952
2020-04-15,0.0064738465465185
2020-04-16,0.00614039666396
2020-04-17,0.0063273440932923
2020-04-20,0.0065097746902265
2020-04-21,0.0065113218754555
2020-04-22,0.0060135943935325
2020-04-23,0.0059894548371078
2020-04-24,0.0058152001399033
2020-04-27,0.0055159313041565
2020-04-28,0.0055718808149876
2020-04-29,0.0051868883056897
2020-04-30,0.005249144635498
2020-05-01,0.005149599936205
2020-05-04,0.0048807009170379
2020-05-05,0.0049405367278404
2020-05-06,0.0048280451432335
2020-05-07,0.0044435430610611
2020-05-08,0.0043687350491968
2020-05-11,0.0048245739017753
2020-05-12,0.0047589424062907
2020-05-13,0.0045037817882327
2020-05-14,0.0041094250807964
2020-05-15,0.0043952758322433
2020-05-18,0.0042460987971351
2020-05-19,0.0042655809992135
2020-05-20,0.004431385381278
2020-05-21,0.0046797087741528
2020-05-22,0.0044649774608184
2020-05-26,0.004640606143807
2020-05-27,0.0045201961162648
2020-05-28,0.0044594908733973
2020-05-29,0.0044802887228222
2020-06-01,0.004170245066098
2020-06-02,0.0045174067108697
2020-06-03,0.0044528587257959
2020-06-04,0.0043364529488876
2020-06-05,0.004397067301601
2020-06-08,0.0044343293727116
2020-06-09,0.0045938523130315
2020-06-10,0.0047182930848165
2020-06-11,0.0049336066192785
2020-06-12,0.0047464129972609
2020-06-15,0.0047615509718968
2020-06-16,0.004822801662384
2020-06-17,0.0051686374053967
2020-06-18,0.0049671473298937
2020-06-19,0.0050333663444724
2020-06-22,0.0049747542758626
2020-06-23,0.0052130615338609
2020-06-24,0.0052074327966558
2020-06-25,0.0050740361304041
2020-06-26,0.0051271876167025
2020-06-29,0.0050593772363088
2020-06-30,0.0050339280380408
2020-07-01,0.0049196360731782
2020-07-02,0.0049542879240143
2020-07-06,0.0048317553110071
2020-07-07,0.0047447779497805
2020-07-08,0.00470921015296
2020-07-09,0.0047424178521044
2020-07-10,0.0049844766599459
2020-07-13,0.0051819559092261
2020-07-14,0.0050848114817342
2020-07-15,0.0051126763630607
2020-07-16,0.0052561108223249
2020-07-17,0.0054636493378633
2020-07-20,0.0055651147948785
2020-07-21,0.0054400651674473
2020-07-22,0.0054538603126244
2020-07-23,0.0054795537017667
2020-07-24,0.0056097937102399
2020-07-27,0.0049131674772054
2020-07-28,0.0049299799000754
2020-07-29,0.0048646598595797
2020-07-30,0.0049499542225913
2020-07-31,0.0049013258038003
2020-08-03,0.0052461471652995
2020-08-04,0.0047742738587765
2020-08-05,0.0045969095725803
2020-08-06,0.0043464334042239
2020-08-07,0.0044175426274344
2020-08-10,0.0045040830585012
2020-08-11,0.0044914671538356
2020-08-12,0.0042943703909635
2020-08-13,0.0042429918329865
2020-08-14,0.0041805199811448
2020-08-17,0.0040801663432816
2020-08-18,0.0042114099794421
2020-08-19,0.0046775536062426
2020-08-20,0.0045460774995389
2020-08-21,0.0046581884873093
2020-08-24,0.0045844461163035
2020-08-25,0.0047069651295884
2020-08-26,0.0047004084635913
2020-08-27,0.0046805740223139
2020-08-28,0.0045484080571799
2020-08-31,0.0045587551709031
2020-09-01,0.0043899664636185
2020-09-02,0.0046434064560906
2020-09-03,0.0049534923798877
2020-09-04,0.0047565531971701
2020-09-08,0.0048906793706895
2020-09-09,0.0048816933068552
2020-09-10,0.004781369892457
2020-09-11,0.0049034147292291
2020-09-14,0.0050557831279695
2020-09-15,0.0050940306318388
2020-09-16,0.00512532897538
2020-09-17,0.0050232942785284
2020-09-18,0.0047968922990605
2020-09-21,0.0047790822556596
2020-09-22,0.0047445262576631
2020-09-23,0.0048798643168976
2020-09-24,0.0046746922684272
2020-09-25,0.0046854320960565
2020-09-28,0.0049488067678434
2020-09-29,0.0047949952237352
2020-09-30,0.0049506275581643
2020-10-01,0.0049908412655541
2020-10-02,0.0051059124094466
2020-10-05,0.0050494101722886
2020-10-06,0.0051346581297693
2020-10-07,0.0051317049738288
2020-10-08,0.0049928151343277
2020-10-09,0.0049392389114126
2020-10-12,0.0048046953701448
2020-10-13,0.0047646138526046
2020-10-14,0.0047508610840781
2020-10-15,0.0048010717813835
2020-10-16,0.0048577461817269
2020-10-19,0.0047691894922805
2020-10-20,0.0047212501583714
2020-10-21,0.0045228793329727
2020-10-22,0.0047817768268653
2020-10-23,0.0045648084496359
2020-10-26,0.004508518733381
2020-10-27,0.0043210088457093
2020-10-28,0.0043326625359203
2020-10-29,0.0042789478671828
2020-10-30,0.0042077219570088
2020-11-02,0.0042064901802078
2020-11-03,0.0042651410125845
2020-11-04,0.0042444633630672
2020-11-05,0.0042683341518444
2020-11-06,0.0042406852996355
2020-11-09,0.0043737684543554
2020-11-10,0.004770810466791
2020-11-11,0.0044614028961128
2020-11-12,0.004423597898023
2020-11-13,0.0044123571854848
2020-11-16,0.0044926715908959
2020-11-17,0.0043229380892999
2020-11-18,0.0043810365271772
2020-11-19,0.0043216934232955
2020-11-20,0.0040598636935339
2020-11-23,0.0041613752043354
2020-11-24,0.0040167547410196
2020-11-25,0.0040358482681037
2020-11-27,0.0043516627357925
2020-11-30,0.0036941101633011
2020-12-01,0.0038185401536905
2020-12-02,0.003744578812835
2020-12-03,0.0037289028748516
2020-12-04,0.0041979135767911
2020-12-07,0.0040908457812421
2020-12-08,0.0044211211729616
2020-12-09,0.0042875047501975
2020-12-10,0.0045442121818591
2020-12-11,0.004695190778003
2020-12-14,0.0044937702113913
2020-12-15,0.0044548416679382
2020-12-16,0.003974548171501
2020-12-17,0.0037009165346464
2020-12-18,0.0036476853666517
2020-12-21,0.0035740782710122
2020-12-22,0.0036370471953026
2020-12-23,0.0039326467018469
2020-12-24,0.0038759772845876
2020-12-28,0.003396738052682
2020-12-29,0.0033257271030769
2020-12-30,0.0031587027682227
2020-12-31,0.0032411869958416
2021-01-04,0.0028706444850277
2021-01-05,0.0027359032836125
2021-01-06,0.0024983459808209
2021-01-07,0.002362142147817
2021-01-08,0.002181255206544
2021-01-11,0.0024486416638587
2021-01-12,0.0025277864204715
2021-01-13,0.002251023449417
2021-01-14,0.0020925131649301
2021-01-15,0.0024080412152204
2021-01-19,0.0025589271650185
2021-01-20,0.0026021337496747
2021-01-21,0.0029520822659765
2021-01-22,0.002757094375686
2021-01-25,0.0027265936352648
2021-01-26,0.0027632918505737
2021-01-27,0.002957360104288
2021-01-28,0.002686898218387
2021-01-29,0.0025900161920268
2021-02-01,0.0026463170476512
2021-02-02,0.0026189592497068
2021-02-03,0.0026686528671599
2021-02-04,0.0026471815038347
2021-02-05,0.0025895082429692
2021-02-08,0.0022296078357592
2021-02-09,0.0022589824175028
2021-02-10,0.0023242258073054
2021-02-11,0.002181203443451
2021-02-12,0.0022313510412834
2021-02-16,0.0020935014200288
2021-02-17,0.0020230490363176
2021-02-18,0.0019736919679988
2021-02-19,0.0018966459365465
2021-02-22,0.0019923508370712
2021-02-23,0.0021300813749649
2021-02-24,0.0021088280756061
2021-02-25,0.0021871220251183
2021-02-26,0.002169411215134
2021-03-01,0.0022568446244619
2021-03-02,0.0024184052655219
2021-03-03,0.0022359305569189
2021-03-04,0.0021004437139081
2021-03-05,0.0019829417799066
2021-03-08,0.0017968659171307
2021-03-09,0.0018878552963475
2021-03-10,0.0019050661989983
2021-03-11,0.0018510470694536
2021-03-12,0.0018663195479462
2021-03-15,0.0017976217983442
2021-03-16,0.0018049498291335
2021-03-17,0.0018005501843314
2021-03-18,0.0017974755945968
2021-03-19,0.0018683163087746
2021-03-22,0.0019255757797525
2021-03-23,0.0019912696413445
2021-03-24,0.0021127721755957
2021-03-25,0.0021768074892161
2021-03-26,0.0020358264650639
2021-03-29,0.0019047553339744
2021-03-30,0.0018330657128996
2021-03-31,0.0018245439750567
2021-04-01,0.0018148495223626
2021-04-05,0.0018134751951409
2021-04-06,0.0018559137515637
2021-04-07,0.0019447291039192
2021-04-08,0.0018688719498555
2021-04-09,0.0018714051453313
2021-04-12,0.0018032020924657
2021-04-13,0.0017045371757104
2021-04-14,0.0017429968478743
2021-04-15,0.0017294749934092
2021-04-16,0.0017848793793362
2021-04-19,0.0019740053774822
2021-04-20,0.0018924962523593
2021-04-21,0.0019849334334978
2021-04-22,0.0021250998593177
2021-04-23,0.002172481216516
2021-04-26,0.0020917499308908
2021-04-27,0.0020516737817598
2021-04-28,0.0020702346484434
2021-04-29,0.0021239803508477
2021-04-30,0.0019610329919856
2021-05-03,0.0019580319293327
2021-05-04,0.0021562416824661
2021-05-05,0.0019939395448305
2021-05-06,0.0020125356813655
2021-05-07,0.0019527026700307
2021-05-10,0.0018945647451578
2021-05-11,0.0019090170676955
2021-05-12,0.0021469756369979
2021-05-13,0.0020516454924416
2021-05-14,0.0020569145489864
2021-05-17,0.0024119431265293
2021-05-18,0.0024470161378347
2021-05-19,0.0028862961197397
2021-05-20,0.0026069853123056
2021-05-21,0.002948690790713
2021-05-24,0.0028483970348978
2021-05-25,0.0028308257065631
2021-05-26,0.0027736917924456
2021-05-27,0.0028118763093422
2021-05-28,0.0030814391765379
2021-06-01,0.0029528476517624
2021-06-02,0.0029011172546034
2021-06-03,0.002805495104132
2021-06-04,0.0029890167937837
2021-06-07,0.0032925408841091
2021-06-08,0.0032417528296641
2021-06-09,0.0029433563193704
2021-06-10,0.0029970630697652
2021-06-11,0.0028879533140281
2021-06-14,0.0026915489907176
2021-06-15,0.0026829995671405
2021-06-16,0.002865930122441
2021-06-17,0.0028512486068905
2021-06-18,0.0030667349958276
2021-06-21,0.003448276690932
2021-06-22,0.0034753947674858
2021-06-23,0.0032766927735649
2021-06-24,0.0032210660755141
2021-06-25,0.0035084636933087
2021-06-28,0.0031509247106415
2021-06-29,0.0030459093953039
2021-06-30,0.0031902777980217
2021-07-01,0.0034552482749938
2021-07-02,0.003436877567229
2021-07-06,0.0033299065175298
2021-07-07,0.0034824651851126
2021-07-08,0.0037381334771393
2021-07-09,0.0037576174911361
2021-07-12,0.003815314912516
2021-07-13,0.003832790013484
2021-07-14,0.0038236143652601
2021-07-15,0.0039961321884932
2021-07-16,0.0039781628694687
2021-07-19,0.0037965032673732
2021-07-20,0.0038413347380135
2021-07-21,0.003799357386482
2021-07-22,0.0036208219019106
2021-07-23,0.003573390662679
2021-07-26,0.0030532277913615
2021-07-27,0.0029411062465126
2021-07-28,0.0029475516482302
2021-07-29,0.0029993684923369
2021-07-30,0.0027938551464535
2021-08-02,0.0030151564164993
2021-08-03,0.0030089393185359
2021-08-04,0.0029063459410064
2021-08-05,0.0028138305122069
2021-08-06,0.002685880443287
2021-08-09,0.0024692980557991
2021-08-10,0.0024701090552421
2021-08-11,0.002375331534087
2021-08-12,0.0024306584868
2021-08-13,0.0022178831541083
2021-08-16,0.0024991042239173
2021-08-17,0.0024331385074583
2021-08-18,0.0024218108057961
2021-08-19,0.0022892881275241
2021-08-20,0.0021990638935892
2021-08-23,0.0021499147764722
2021-08-24,0.0022741317939871
2021-08-25,0.0021701039144685
2021-08-26,0.0023113521876296
2021-08-27,0.0021922732007372
2021-08-30,0.0022548089194668
2021-08-31,0.0022473488306763
2021-09-01,0.0022343222366757
2021-09-02,0.0022279561189503
2021-09-03,0.002160903311052
2021-09-07,0.0023285061169598
2021-09-08,0.0023648668118266
2021-09-09,0.0023592723077803
2021-09-10,0.0024451969451399
2021-09-13,0.0023803977072071
2021-09-14,0.0022636304328445
2021-09-15,0.0022521424989327
2021-09-16,0.0022396917680731
2021-09-17,0.00230009956729
2021-09-20,0.002514949608466
2021-09-21,0.0026785488876928
2021-09-22,0.0025703101566157
2021-09-23,0.0026060751865568
2021-09-24,0.0026960941648819
2021-09-27,0.003054285993596
2021-09-28,0.0030981214375954
2021-09-29,0.0030478032214274
2021-09-30,0.0028551597339504
2021-10-01,0.0026809684121618
2021-10-04,0.0025958555039456
2021-10-05,0.0025208283658287
2021-10-06,0.0023482044244602
2021-10-07,0.0024160881268144
2021-10-08,0.002408841664912
2021-10-11,0.0022461593270665
2021-10-12,0.0023732599514962
2021-10-13,0.0023806163902094
2021-10-14,0.0024734164459862
2021-10-15,0.0022737623553633
2021-10-18,0.0022298684962776
2021-10-19,0.0021163365057713
2021-10-20,0.0020547685847587
2021-10-21,0.002160096987882
2021-10-22,0.0023306099301387
2021-10-25,0.0022882360759676
2021-10-26,0.0023588643520688
2021-10-27,0.002410982312984
2021-10-28,0.0024070414879291
2021-10-29,0.0024103312051065
2021-11-01,0.0024549045505518
2021-11-02,0.0017660344337644
2021-11-03,0.001902491882999
2021-11-04,0.0019133561293734
2021-11-05,0.0018638648791858
2021-11-08,0.0016713822957066
2021-11-09,0.0017063891188097
2021-11-10,0.0017681297125979
2021-11-11,0.0017467292560408
2021-11-12,0.0017454346534773
2021-11-15,0.0015795053808767
2021-11-16,0.001569282715903
2021-11-17,0.0016563407509529
2021-11-18,0.0018107855895825
2021-11-19,0.0016775758383913
2021-11-22,0.0016601736938706
2021-11-23,0.0016171876956082
2021-11-24,0.0017231568882203
2021-11-26,0.0018025092406514
2021-11-29,0.0016878705268381
2021-11-30,0.001690716206967
2021-12-01,0.0016847857372268
2021-12-02,0.001717134434861
2021-12-03,0.001752482723798
2021-12-06,0.0018288889146466
2021-12-07,0.001908280789095
2021-12-08,0.0019176395999339
2021-12-09,0.0019801930218342
2021-12-10,0.001965781254315
2021-12-13,0.0019842746535251
2021-12-14,0.0020134026509859
2021-12-15,0.0019571863255749
2021-12-16,0.0019712401084106
2021-12-17,0.0020122442835487
2021-12-20,0.0019884694908514
2021-12-21,0.0019090000697849
2021-12-22,0.0019124582824553
2021-12-23,0.0018078336291603
2021-12-27,0.0018240371318337
2021-12-28,0.0019004450002121
2021-12-29,0.001929390856387
2021-12-30,0.0019468768306099
2021-12-31,0.0019792061538599
2022-01-03,0.0020071842262494
2022-01-04,0.0019630666763498
2022-01-05,0.0020232273777834
2022-01-06,0.0019045001473183
2022-01-07,0.0019264686869026
2022-01-10,0.0019987440096866
2022-01-11,0.001970008591567
2022-01-12,0.001929049645275
2022-01-13,0.0019252636002466
2022-01-14,0.0018359756259967
2022-01-18,0.0018168459738271
2022-01-19,0.0018531859077646
2022-01-20,0.0018534716527199
2022-01-21,0.0020476000124101
2022-01-24,0.002052145137245
2022-01-25,0.0019732637998831
2022-01-26,0.0019420863052293
2022-01-27,0.0018851192932143
2022-01-28,0.0018433566979104
2022-01-31,0.001966316357337
2022-02-01,0.0020222864905959
2022-02-02,0.0021654542385811
2022-02-03,0.0020576185380333
2022-02-04,0.0019276701997247
2022-02-07,0.0017926433657488
2022-02-08,0.0018384600825308
2022-02-09,0.0018225572918997
2022-02-10,0.0018221000997048
2022-02-11,0.0018564921568499
2022-02-14,0.0017712012022219
2022-02-15,0.0017296611808568
2022-02-16,0.0017970122538748
2022-02-17,0.0018136063789497
2022-02-18,0.0018143448771483
2022-02-22,0.0018210299176439
2022-02-23,0.0018781888646817
2022-02-24,0.0019124708375946
2022-02-25,0.0018452490682439
2022-02-28,0.0016900795010213
2022-03-01,0.0011867981181637
2022-03-02,0.0011037216601369
2022-03-03,0.0011730954180456
2022-03-04,0.0012060012409452
2022-03-07,0.0011588974657379
2022-03-08,0.0010904227941102
2022-03-09,0.0010599547118718
2022-03-10,0.001092362459625
2022-03-11,0.0010955027698196
2022-03-14,0.0010966362436112
2022-03-15,0.0011934786642866
2022-03-16,0.0012026075272355
2022-03-17,0.0012292626401624
2022-03-18,0.0012743666739544
2022-03-21,0.0012795171715128
2022-03-22,0.0012722265138873
2022-03-23,0.0011799140025127
2022-03-24,0.0011846882578139
2022-03-25,0.0011157027274343
2022-03-28,0.0010626378730293
2022-03-29,0.0010782516101563
2022-03-30,0.0010915233966284
2022-03-31,0.0010883057208636
2022-04-01,0.0010656492480841
2022-04-04,0.0010720105336025
2022-04-05,0.0011045747722432
2022-04-06,0.0011387112918053
2022-04-07,0.0010982936304125
2022-04-08,0.0011204213360683
2022-04-11,0.0011669478490874
2022-04-12,0.0011236771712931
2022-04-13,0.0011538443655625
2022-04-14,0.0011593690105775
2022-04-18,0.0011027228615257
2022-04-19,0.0011387196829495
2022-04-20,0.0011821325453183
2022-04-21,0.0011656322507495
2022-04-22,0.0011411583529651
2022-04-25,0.0011787442501755
2022-04-26,0.0011989256272308
2022-04-27,0.0011900781491785
2022-04-28,0.001200035344655
2022-04-29,0.0011911476575988
2022-05-02,0.0012286744268938
2022-05-03,0.0009674056185984
2022-05-04,0.0008690532898321
2022-05-05,0.0008954169263703
2022-05-06,0.0008790008317503
2022-05-09,0.0009462997799813
2022-05-10,0.0009341484420801
2022-05-11,0.0009863025406343
2022-05-12,0.000985962680894
2022-05-13,0.0010046749334678
2022-05-16,0.001000906857827
2022-05-17,0.0010017794772259
2022-05-18,0.0009930268407553
2022-05-19,0.0009424584326856
2022-05-20,0.000982509357769
2022-05-23,0.0010017557173793
2022-05-24,0.0009698004379173
2022-05-25,0.0009562835709902
2022-05-26,0.0009703687314933
2022-05-27,0.0010433996471719
2022-05-31,0.000876312546371
2022-06-01,0.0009533851304445
2022-06-02,0.0009498649927065
2022-06-03,0.0009772966243654
2022-06-06,0.0009164610855182
2022-06-07,0.0009998241433816
2022-06-08,0.0010246784551301
2022-06-09,0.0010520723419236
2022-06-10,0.0010349402598761
2022-06-13,0.0012793837860661
2022-06-14,0.0013320248432689
2022-06-15,0.0013626996178506
2022-06-16,0.0013929195548711
2022-06-17,0.0014239320347109
2022-06-21,0.0014282542886819
2022-06-22,0.001500473098111
2022-06-23,0.0014469400678334
2022-06-24,0.0014803367167917
2022-06-27,0.0014868236535016
2022-06-28,0.0014412763643759
2022-06-29,0.0014459791984026
2022-06-30,0.0014243310472932
2022-07-01,0.0014878537420207
2022-07-05,0.0014586346051556
2022-07-06,0.0013777331328805
2022-07-07,0.0013675276700046
2022-07-08,0.0013906325686162
2022-07-11,0.0014441260036748
2022-07-12,0.0014821013639895
2022-07-13,0.0014070797596653
2022-07-14,0.0013563494522338
2022-07-15,0.0013961193151726
2022-07-18,0.0012510178626903
2022-07-19,0.0011864331767065
2022-07-20,0.0011970695495681
2022-07-21,0.0012191000289885
2022-07-22,0.0012485154054116
2022-07-25,0.0013421215775661
2022-07-26,0.0014053835328424
2022-07-27,0.0013383892711898
2022-07-28,0.0013257067097829
2022-07-29,0.0013035278019643
2022-08-01,0.0014193067427328
2022-08-02,0.0014465937921384
2022-08-03,0.0017289294418286
2022-08-04,0.0018514462940308
2022-08-05,0.0018768263519498
2022-08-08,0.0017858428305333
2022-08-09,0.0018217674316265
2022-08-10,0.0017955838391908
2022-08-11,0.0018186349332987
2022-08-12,0.0018104466318007
2022-08-15,0.0018767887705805
2022-08-16,0.0018468979246408
2022-08-17,0.0018435037734983
2022-08-18,0.0018050434644207
2022-08-19,0.0019772431809658
2022-08-22,0.001891218039563
2022-08-23,0.0020443059571815
2022-08-24,0.0020565533925188
2022-08-25,0.0020679688940341
2022-08-26,0.0021841045084752
2022-08-29,0.002191349511389
2022-08-30,0.0022397549555834
2022-08-31,0.0022798273252762
2022-09-01,0.0022183976530883
2022-09-02,0.0022208565836029
2022-09-06,0.0024153732869419
2022-09-07,0.0023524747719899
2022-09-08,0.0023352502368171
2022-09-09,0.0021420734720338
2022-09-12,0.0020223108278285
2022-09-13,0.0021180776572414
2022-09-14,0.0020478146721797
2022-09-15,0.0020876889851388
2022-09-16,0.002030589505024
2022-09-19,0.0020307888275346
2022-09-20,0.0020126210891442
2022-09-21,0.0020110634618053
2022-09-22,0.0019146419213967
2022-09-23,0.001902823544635
2022-09-26,0.0019045219545137
2022-09-27,0.0019481388882146
2022-09-28,0.0020178393132832
2022-09-29,0.0019685229047791
2022-09-30,0.0019324005173319
2022-10-03,0.0019522432308871
2022-10-04,0.0019934263848355
2022-10-05,0.0019919926583977
2022-10-06,0.0019969487901855
2022-10-07,0.0019532559500976
2022-10-10,0.0020270109922998
2022-10-11,0.0021898633103917
2022-10-12,0.0021521658482999
2022-10-13,0.0022437298875524
2022-10-14,0.0021453527213806
2022-10-17,0.0020909675962523
2022-10-18,0.0021128126363427
2022-10-19,0.0020397570054243
2022-10-20,0.0020505160254225
2022-10-21,0.0020273862192048
2022-10-24,0.0020020084704888
2022-10-25,0.0019406984823422
2022-10-26,0.0019137773349409
2022-10-27,0.0020132273709801
2022-10-28,0.002080081032974
2022-10-31,0.0020496908033082
2022-11-01,0.0020990688814182
2022-11-02,0.0013894191225706
2022-11-03,0.0014537365757912
2022-11-04,0.0013770125067802
2022-11-07,0.0013978671007486
2022-11-08,0.0017053847070779
2022-11-09,0.0019961236297665
2022-11-10,0.0018417251522501
2022-11-11,0.0018591907591582
2022-11-14,0.0020411356081634
2022-11-15,0.0019585879252294
2022-11-16,0.0019364777603991
2022-11-17,0.0019253912942829
2022-11-18,0.0019224114571234
2022-11-21,0.0019357350585518
2022-11-22,0.0018530220545816
2022-11-23,0.0018530217063451
2022-11-25,0.00184846225324
2022-11-28,0.0017721791119633
2022-11-29,0.0017628477201991
2022-11-30,0.0017264108538997
2022-12-01,0.0018359023862641
2022-12-02,0.0018485943230039
2022-12-05,0.0018120951529887
2022-12-06,0.0017736032381172
2022-12-07,0.0018132578963855
2022-12-08,0.0018052076737576
2022-12-09,0.0017830927212997
2022-12-12,0.0018295477807208
2022-12-13,0.0019559853817565
2022-12-14,0.0019741068890447
2022-12-15,0.0019067237299836
2022-12-16,0.0020934092917039
2022-12-19,0.0020778993567244
2022-12-20,0.0020968509333177
2022-12-21,0.0020038608779369
2022-12-22,0.0018638956485754
2022-12-23,0.0018812935980893
2022-12-27,0.0018884770846679
2022-12-28,0.001945921066985
2022-12-29,0.0019913062593072
2022-12-30,0.0019876421735883
2023-01-03,0.0018980977502776
2023-01-04,0.0018916888373687
2023-01-05,0.0018560604259032
2023-01-06,0.0019761716467298
2023-01-09,0.0020300577924942
2023-01-10,0.0021821254385109
2023-01-11,0.0021678408404524
2023-01-12,0.0020811265558838
2023-01-13,0.0019894951130119
2023-01-17,0.0017838983606188
2023-01-18,0.0017888921475997
2023-01-19,0.0017280958124221
2023-01-20,0.0016457527796211
2023-01-23,0.0016115506877878
2023-01-24,0.0016420404869441
2023-01-25,0.001568916908327
2023-01-26,0.0015716732820656
2023-01-27,0.0016079742254963
2023-01-30,0.001586680457553
2023-01-31,0.0016945209037061
2023-02-01,0.001730332069825
2023-02-02,0.0017782988629986
2023-02-03,0.0016333094322817
2023-02-06,0.0010764447391852
2023-02-07,0.0009998155633997
2023-02-08,0.0009119681204061
2023-02-09,0.0010018773305155
2023-02-10,0.0010359710917444
2023-02-13,0.0010381462744367
2023-02-14,0.0010620677654732
2023-02-15,0.0009947407304701
2023-02-16,0.0009990063177287
2023-02-17,0.0009651707093005
2023-02-21,0.0008745167655873
2023-02-22,0.0009049626189614
2023-02-23,0.0009324567160882
2023-02-24,0.000968181574739
2023-02-27,0.0009798973579881
2023-02-28,0.00095043262657
2023-03-01,0.0009003427651025
2023-03-02,0.0009320368088986
2023-03-03,0.0010316294834612
2023-03-06,0.0009924315908786
2023-03-07,0.0009820083716051
2023-03-08,0.0010267942266002
2023-03-09,0.0010803897651869
2023-03-10,0.0010467005309676
2023-03-13,0.0008273570818027
2023-03-14,0.0008316470621474
2023-03-15,0.0008229418941627
2023-03-16,0.0007875370479915
2023-03-17,0.0007030356665271
2023-03-20,0.0007199131931927
2023-03-21,0.000777617213695
2023-03-22,0.0009290509532149
2023-03-23,0.0009080971402914
2023-03-24,0.0009358648628567
2023-03-27,0.000967211041923
2023-03-28,0.0009619287686973
2023-03-29,0.0009118667235007
2023-03-30,0.0009185418371282
2023-03-31,0.000941061289785
2023-04-03,0.0008096373267546
2023-04-04,0.0008236270507383
2023-04-05,0.000824757351762
2023-04-06,0.0008226317220167
2023-04-10,0.0007702429837249
2023-04-11,0.000771620794164
2023-04-12,0.0007800510665044
2023-04-13,0.0008016693839723
2023-04-14,0.0007987351776564
2023-04-17,0.0008561711877621
2023-04-18,0.0008303299937226
2023-04-19,0.0008708420123877
2023-04-20,0.0009367701643506
2023-04-21,0.0009759170187072
2023-04-24,0.0010077986295023
2023-04-25,0.000878915952632
2023-04-26,0.0009242612198927
2023-04-27,0.0008991040038954
2023-04-28,0.0009570466750731
2023-05-01,0.0009828572138492
2023-05-02,0.0009312935452572
2023-05-03,0.0009180761169487
2023-05-04,0.0008829123173251
2023-05-05,0.0008620460282655
2023-05-08,0.0009056023795065
2023-05-09,0.0008677173758074
2023-05-10,0.0008779311541039
2023-05-11,0.0010110815344643
2023-05-12,0.0011076295971181
2023-05-15,0.0010793340693981
2023-05-16,0.00109998832479
2023-05-17,0.0011161071606001
2023-05-18,0.0011024064377603
2023-05-19,0.0011323858234038
2023-05-22,0.0010785333864652
2023-05-23,0.0010493751059035
2023-05-24,0.0010670284487254
2023-05-25,0.0010526432583918
2023-05-26,0.0010494290772584
2023-05-30,0.0009955834184683
2023-05-31,0.0010099318502082
2023-06-01,0.0010305752263027
2023-06-02,0.0010330430578934
2023-06-05,0.0010745300997902
2023-06-06,0.0010220720927575
2023-06-07,0.0010358309777057
2023-06-08,0.0010117617454368
2023-06-09,0.0009913001609682
2023-06-12,0.0009844609593668
2023-06-13,0.0009931042626416
2023-06-14,0.0009751369614999
2023-06-15,0.0009966220899499
2023-06-16,0.0009685703520288
2023-06-20,0.0009104231430429
2023-06-21,0.0008555548853099
2023-06-22,0.0008728856349046
2023-06-23,0.0008190133727685
2023-06-26,0.0008628683533685
2023-06-27,0.0008537493709164
2023-06-28,0.0008748183343581
2023-06-29,0.0008690981620019
2023-06-30,0.0008609700051525
2023-07-03,0.0008405967111055
2023-07-05,0.0008278122435313
2023-07-06,0.0008315129184798
2023-07-07,0.0008311837891424
2023-07-10,0.0008374302996085
2023-07-11,0.0008396211776754
2023-07-12,0.0008479303834694
2023-07-13,0.0008164938650106
2023-07-14,0.0008244855234247
2023-07-17,0.000866453171228
2023-07-18,0.0008745146267374
2023-07-19,0.0008872122917747
2023-07-20,0.0008680178251736
2023-07-21,0.0008465751546027
2023-07-24,0.0008462169381039
2023-07-25,0.0008283325526762
2023-07-26,0.0008233698719234
2023-07-27,0.0008322295680474
2023-07-28,0.0008301714196456
2023-07-31,0.0008398872984598
2023-08-01,0.0008545703354454
2023-08-02,0.0008222431750196
2023-08-03,0.0008112087431575
2023-08-04,0.0007962415397277
2023-08-07,0.0008152683203745
2023-08-08,0.0008015993977204
2023-08-09,0.0008007037791694
2023-08-10,0.0007974965971443
2023-08-11,0.0008691151462914
2023-08-14,0.0009677492527124
2023-08-15,0.0009783908389385
2023-08-16,0.0009337399942998
2023-08-17,0.0009807028002481
2023-08-18,0.001010765760314
2023-08-21,0.0010208948290062
2023-08-22,0.0010448816818153
2023-08-23,0.0010286913672827
2023-08-24,0.0010274297026728
2023-08-25,0.0010400163340951
2023-08-28,0.0010338559828725
2023-08-29,0.0009640286033719
2023-08-30,0.0009784862502862
2023-08-31,0.0010165253998406
2023-09-01,0.0010627608523184
2023-09-05,0.0010376267742254
2023-09-06,0.0010293851961405
2023-09-07,0.0009935139347993
2023-09-08,0.0010094321231517
2023-09-11,0.0010742110259012
2023-09-12,0.0010861930897328
2023-09-13,0.00105763523204
2023-09-14,0.0010618065801288
2023-09-15,0.0010383824108759
2023-09-18,0.0010260040442289
2023-09-19,0.0010128213140253
2023-09-20,0.0010074816163026
2023-09-21,0.0010121338088125
2023-09-22,0.0010079170795141
2023-09-25,0.0010118455567032
2023-09-26,0.0010096405730331
2023-09-27,0.0010059683953354
2023-09-28,0.0009943916594979
2023-09-29,0.0009427119551031
2023-10-02,0.000932047513421
2023-10-03,0.0009558884378425
2023-10-04,0.0009658483874994
2023-10-05,0.0010034318799656
2023-10-06,0.0010019108710264
2023-10-09,0.0010672978715006
2023-10-10,0.001131027616803
2023-10-11,0.001149839292622
2023-10-12,0.0011002811181998
2023-10-13,0.0010970734833891
2023-10-16,0.0010988985304599
2023-10-17,0.0011676623909545
2023-10-18,0.001137729831606
2023-10-19,0.0010936703105438
2023-10-20,0.0010275259299616
2023-10-23,0.0009302962778351
2023-10-24,0.000910873390678
2023-10-25,0.0008764500842895
2023-10-26,0.0008481511107965
2023-10-27,0.0008156933750759
2023-10-30,0.0008289287359342
2023-10-31,0.0008414152571789
2023-11-01,0.0008073424844385
2023-11-02,0.0008203045732411
2023-11-03,0.0008775686691817
2023-11-06,0.000839960287729
2023-11-07,0.0008461339000874
2023-11-08,0.0008349395286075
2023-11-09,0.0007936091799004
2023-11-10,0.0008586596920363
2023-11-13,0.0009418570562534
2023-11-14,0.001043963465825
2023-11-15,0.0010253274387533
2023-11-16,0.0010753768194956
2023-11-17,0.0010697691069626
2023-11-20,0.0009848718458287
2023-11-21,0.0010311664055642
2023-11-22,0.0009868471696106
2023-11-24,0.0010299498621612
2023-11-27,0.0010296834609896
2023-11-28,0.0010261402424175
2023-11-29,0.0010327933368416
2023-11-30,0.0010219356824273
2023-12-01,0.0010416464537381
2023-12-04,0.0009702216482617
2023-12-05,0.0009507573353153
2023-12-06,0.0009726504389809
2023-12-07,0.0010084849429543
2023-12-08,0.0010200014862658
2023-12-11,0.0010862230067059
2023-12-12,0.0011167612125853
2023-12-13,0.0010778549678655
2023-12-14,0.0010638255286989
2023-12-15,0.0010794242724683
2023-12-18,0.0010522354422131
2023-12-19,0.0010404412318915
2023-12-20,0.0009818508922301
2023-12-21,0.0010020708569887
2023-12-22,0.0009820922540097
2023-12-26,0.0010667820178098
2023-12-27,0.001049654724168
2023-12-28,0.0010666734397191
2023-12-29,0.001052033958912
2024-01-02,0.0009826956495932
2024-01-03,0.0010044768565004
2024-01-04,0.0010045287357836
2024-01-05,0.0009972218520471
2024-01-08,0.0009644350277245
2024-01-09,0.0009898193531901
2024-01-10,0.0010697486328886
2024-01-11,0.0009961485279919
2024-01-12,0.0010701659360118
2024-01-16,0.0010464617558982
2024-01-17,0.0010483673547657
2024-01-18,0.0010707173081245
2024-01-19,0.0010516981403573
2024-01-22,0.0011281440113004
2024-01-23,0.0011215806470352
2024-01-24,0.0010996311620523
2024-01-25,0.0011133423194558
2024-01-26,0.0010522068927958
2024-01-29,0.0010379260967947
2024-01-30,0.0010458037083793
2024-01-31,0.0010400960774471
2024-02-01,0.001045599354841
2024-02-02,0.0010477966782385
2024-02-05,0.0010457429341917
2024-02-06,0.0010785738685796
2024-02-07,0.0010749528418403
2024-02-08,0.0010469836711569
2024-02-09,0.0010093918820454
2024-02-12,0.000963004647731
2024-02-13,0.0009330060715833
2024-02-14,0.0009713141046144
2024-02-15,0.0009923264369913
2024-02-16,0.0009330868220031
2024-02-20,0.000914222310698
2024-02-21,0.0008883242272478
2024-02-22,0.0009301242891295
2024-02-23,0.0009331397843292
2024-02-26,0.0008897259885155
2024-02-27,0.0008489039863625
2024-02-28,0.0007671412300102
2024-02-29,0.0007707719714337
2024-03-01,0.0007605624661279
2024-03-04,0.0007149085680856
2024-03-05,0.0006198942922915
2024-03-06,0.000497225650026
2024-03-07,0.0004754541560958
2024-03-08,0.0004483156487502
2024-03-11,0.000423437976441
2024-03-12,0.0004478094721199
2024-03-13,0.0004448336262156
2024-03-14,0.0004217288112621
2024-03-15,0.0004374402011108
2024-03-18,0.0004466414236239
2024-03-19,0.0004944052561504
2024-03-20,0.000447038126082
2024-03-21,0.0004594497057618
2024-03-22,0.0004705328140615
2024-03-25,0.0004191037361422
2024-03-26,0.0004060705649146
2024-03-27,0.000411055473857
2024-03-28,0.0004128916310519
2024-04-01,0.0004153387149737
2024-04-02,0.0004305775983434
2024-04-03,0.0004325500071028
2024-04-04,0.0004087063577102
2024-04-05,0.000422921556082
2024-04-08,0.0003927050862388
2024-04-09,0.0004237838646124
2024-04-10,0.0004031853336651
2024-04-11,0.0003969420151213
2024-04-12,0.0004113348118943
2024-04-15,0.0004064565785279
2024-04-16,0.0004072910339033
2024-04-17,0.0004187562882155
2024-04-18,0.0004007069320361
2024-04-19,0.0004030163008787
2024-04-22,0.0003928921583104
2024-04-23,0.0004079372446767
2024-04-24,0.0004141456959862
2024-04-25,0.0004018193847575
2024-04-26,0.0004095344589654
2024-04-29,0.0004168159981287
2024-04-30,0.0004210310790242
2024-05-01,0.0004485527844317
2024-05-02,0.0004485531175335
2024-05-03,0.0004293221567127
2024-05-06,0.00043808021156
2024-05-07,0.0004515935273647
2024-05-08,0.0003436951824709
2024-05-09,0.0003641556432879
2024-05-10,0.0003770184728803
2024-05-13,0.0003670026584632
2024-05-14,0.0003817861116924
2024-05-15,0.0003576414314258
2024-05-16,0.0003628610458191
2024-05-17,0.0003431671407978
2024-05-20,0.0003286297077139
2024-05-21,0.0003356310968904
2024-05-22,0.0003378068762401
2024-05-23,0.0003377027569411
2024-05-24,0.0003403082790804
2024-05-28,0.0004246208725867
2024-05-29,0.0004770777020987
2024-05-30,0.0004247788229958
2024-05-31,0.0004345737947725
2024-06-03,0.0004057857545516
2024-06-04,0.000402591744202
2024-06-05,0.0004202140644942
2024-06-06,0.0004116897496773
2024-06-07,0.0004561410384849
2024-06-10,0.0005219221427767
2024-06-11,0.0005899124158786
2024-06-12,0.0005945089934846
2024-06-13,0.0005740273680387
2024-06-14,0.0005805084799829
2024-06-17,0.0005812878471356
2024-06-18,0.0005718387067042
2024-06-20,0.000543432512412
2024-06-21,0.0005717967987586
2024-06-24,0.0005750080753542
2024-06-25,0.0005902469324848
2024-06-26,0.0005676578747496
2024-06-27,0.0005640794152292
2024-06-28,0.0005702905098884
2024-07-01,0.0005368168421557
2024-07-02,0.0005279787156061
2024-07-03,0.0005422614988582
2024-07-05,0.0005610425068756
2024-07-08,0.0005599143871062
2024-07-09,0.0005750809412087
2024-07-10,0.00056111189709
2024-07-11,0.0005862769084498
2024-07-12,0.0005789345471192
2024-07-15,0.0005356855001026
2024-07-16,0.0005401158221418
2024-07-17,0.0005647330120846
2024-07-18,0.0005184913205033
2024-07-19,0.0005026220993043
2024-07-22,0.0005067673789769
2024-07-23,0.0005157166790974
2024-07-24,0.0005037314661221
2024-07-25,0.0004884669474105
2024-07-26,0.0004915179990022
2024-07-29,0.0004923682106969
2024-07-30,0.0005188741917299
2024-07-31,0.0005130050492055
2024-08-01,0.0004610029324984
2024-08-02,0.0004738251065134
2024-08-05,0.0004874845233309
2024-08-06,0.0004911276200505
2024-08-07,0.0004768528171946
2024-08-08,0.0004618366044121
2024-08-09,0.0004682974241058
2024-08-12,0.000463486222391
2024-08-13,0.0004738525783347
2024-08-14,0.0004782312895502
2024-08-15,0.0005072958864198
2024-08-16,0.0004964843177155
2024-08-19,0.0004822379442957
2024-08-20,0.0004898937737571
2024-08-21,0.0004800965908581
2024-08-22,0.0004688489907199
2024-08-23,0.0004577626210297
2024-08-26,0.0004658030122894
2024-08-27,0.0004841680418522
2024-08-28,0.0004719824084121
2024-08-29,0.0004606977475032
2024-08-30,0.0004516278275013
2024-09-03,0.0004286881787162
2024-09-04,0.0004150312352411
2024-09-05,0.0004211145654591
2024-09-06,0.0004380082476386
2024-09-09,0.000414244009084
2024-09-10,0.0004074679101946
2024-09-11,0.0004141731129169
2024-09-12,0.0004230391245909
2024-09-13,0.0004279254323743
2024-09-16,0.0004368259941331
2024-09-17,0.0004216650030076
2024-09-18,0.0004021107821027
2024-09-19,0.0003887801339161
2024-09-20,0.0003691865962451
2024-09-23,0.0003521248916302
2024-09-24,0.0003548880405753
2024-09-25,0.0003590255164608
2024-09-26,0.0003606878259645
2024-09-27,0.0003612974697319
2024-09-30,0.000371864600811
2024-10-01,0.0003695119196446
2024-10-02,0.0003982993615796
2024-10-03,0.0003958234990692
2024-10-04,0.0004026263214673
2024-10-07,0.0004074768881666
2024-10-08,0.0004123481253639
2024-10-09,0.0004364325411653
2024-10-10,0.000423396302877
2024-10-11,0.0004397463299866
2024-10-14,0.0004157700256369
2024-10-15,0.0004078094829794
2024-10-16,0.000396670925096
2024-10-17,0.0003860543589733
2024-10-18,0.0003940437919742
2024-10-21,0.0004007846379804
2024-10-22,0.0004033466875002
2024-10-23,0.0003984513711889
2024-10-24,0.0004058035776327
2024-10-25,0.0004114496820385
2024-10-28,0.0004229859549226
2024-10-29,0.0004238145090569
2024-10-30,0.0004466437275108
2024-10-31,0.0004184279812792
2024-11-01,0.0004415502335641
2024-11-04,0.0004419603733959
2024-11-05,0.0005622872837469
2024-11-06,0.0005302814577415
2024-11-07,0.0004997045066348
2024-11-08,0.0005204749116697
2024-11-11,0.0005878142824444
2024-11-12,0.0005992781782838
2024-11-13,0.0005248158042583
2024-11-14,0.0005191951420675
2024-11-15,0.0004884369108813
2024-11-18,0.0005214117763585
2024-11-19,0.0005018204323544
2024-11-20,0.000628262873622
2024-11-21,0.0006743838861684
2024-11-22,0.0006429444788282
2024-11-25,0.0006576636838986
2024-11-26,0.0005718303561418
2024-11-27,0.0006361857950371
2024-11-29,0.0005850513971734
2024-12-02,0.0006332843700061
2024-12-03,0.0006627975701327
2024-12-04,0.0006419048731766
2024-12-05,0.0006061479977149
2024-12-06,0.0006179899984761
2024-12-09,0.0006375681570713
2024-12-10,0.0006188749512099
2024-12-11,0.0006378181812092
2024-12-12,0.0007180911841697
2024-12-13,0.0006620391240499
2024-12-16,0.0007026331945259
2024-12-17,0.0007040661373388
2024-12-18,0.0006499299916052
2024-12-19,0.0006291865879487
2024-12-20,0.0006319821107199
2024-12-23,0.0006512033683342
2024-12-24,0.00072236340202
2024-12-26,0.0007303055746193
2024-12-27,0.0006719067057255
2024-12-30,0.0006069521875722
2024-12-31,0.0005779777435086
2025-01-02,0.0005635438079112
2025-01-03,0.0006017892946903
2025-01-06,0.0005774010953026
2025-01-07,0.0005699387233063
2025-01-08,0.0005280738425034
2025-01-10,0.0005423359295507
2025-01-13,0.0005575744731849
2025-01-14,0.0005690220402373
2025-01-15,0.0005582835094144
2025-01-16,0.0005838192448802
2025-01-17,0.0006191722934536
2025-01-21,0.0006117973351114
2025-01-22,0.0005992104278541
2025-01-23,0.0005882060449015
2025-01-24,0.0005291000944639
2025-01-27,0.0004939870961929
2025-01-28,0.0005161227773289
2025-01-29,0.0005022024039587
2025-01-30,0.0004979218963603
2025-01-31,0.0005073969746824
2025-02-03,0.0004976065199617
2025-02-04,0.00052354192979
2025-02-05,0.000536042666346
2025-02-06,0.0005168060288235
2025-02-07,0.0005096909422181
2025-02-10,0.0005091466095332
2025-02-11,0.0004906659081666
2025-02-12,0.0004872000811068
2025-02-13,0.0005117783235376
2025-02-14,0.0005093890213965
2025-02-18,0.0005308796501522
2025-02-19,0.0005403805238921
2025-02-20,0.0005312509903151
2025-02-21,0.0004966421854592
2025-02-24,0.0004854614805555
2025-02-25,0.0004780462946801
2025-02-26,0.0005205874263002
2025-02-27,0.0004796691111763
2025-02-28,0.0005086934705981
2025-03-03,0.0004518642397416
2025-03-04,0.0004397963210271
2025-03-05,0.0004233998076591
2025-03-06,0.0004012817433982
2025-03-07,0.0004287393715552
2025-03-10,0.0004169001385227
2025-03-11,0.000395837847747
2025-03-12,0.0004013264643393
2025-03-13,0.0004023846742797
2025-03-14,0.0004090790282965
2025-03-17,0.0004285424223179
2025-03-18,0.0004290455179732
2025-03-19,0.0004610023311498
2025-03-20,0.0004612248222207
2025-03-21,0.0004666645431551
2025-03-24,0.0004900632370989
2025-03-25,0.0004844995530446
2025-03-26,0.0004553463487845
2025-03-27,0.0004235056856355
2025-03-28,0.0004369724342614
2025-03-31,0.0004385278858487
2025-04-01,0.0004287936544852
2025-04-02,0.0004489262244142
2025-04-03,0.0004098536974224
2025-04-04,0.0004037268895452
2025-04-07,0.000430994595048
2025-04-08,0.0004191579998083
2025-04-09,0.0004258001284519
2025-04-10,0.0004097900615551
2025-04-11,0.0004047726722564
2025-04-14,0.0004052404724808
2025-04-15,0.0004111439689483
2025-04-16,0.0003688988860982
2025-04-17,0.0003826457815656
2025-04-21,0.0003408406389185
2025-04-22,0.0003561571641658
2025-04-23,0.000365851916928
2025-04-24,0.0003666021575914
2025-04-25,0.0003889337593508
2025-04-28,0.0003723990780241
2025-04-29,0.0003602914272649
2025-04-30,0.0003431793241215
2025-05-01,0.0003454160530701
2025-05-02,0.0003731294356799
2025-05-05,0.000354413628246
2025-05-06,0.0003418300990597
2025-05-07,0.0003406081512904
2025-05-08,0.0003413357517267
2025-05-09,0.000337862612454
2025-05-12,0.0003388678089056
2025-05-13,0.0003523093675813
2025-05-14,0.0003142764638003
2025-05-15,0.0003064254762849
2025-05-16,0.0003950167349533
2025-05-19,0.0004097298149199
2025-05-20,0.0003921675737301
2025-05-21,0.00040928871254
2025-05-22,0.0004023343793811
2025-05-23,0.0004130945082828
2025-05-27,0.0003980929625607
2025-05-28,0.0003832941311519
2025-05-29,0.0003793954460904
2025-05-30,0.0003846206719939
2025-06-02,0.0003361303877307
2025-06-03,0.0003374672171949
2025-06-04,0.0003414429558929
2025-06-05,0.0003213358908823
2025-06-06,0.0003159295999754
2025-06-09,0.0003081760601604
2025-06-10,0.000285695538969
2025-06-11,0.0002918482316785
2025-06-12,0.0002901942234999
2025-06-13,0.0002788173232107
2025-06-16,0.0002857764700249
2025-06-17,0.0002727504395149
2025-06-18,0.0003045288617843
2025-06-20,0.0003498222705639
2025-06-23,0.0003976689339371
2025-06-24,0.0003950186186706
2025-06-25,0.0003822608057293
2025-06-26,0.0003626589464802
2025-06-27,0.0003595159636979
2025-06-30,0.0003615987324767
2025-07-01,0.0003351047694443
2025-07-02,0.0003632210894025
2025-07-03,0.0003689078634285
2025-07-07,0.0003596496227925
2025-07-08,0.000382835194153
2025-07-09,0.0003801429031341
2025-07-10,0.0003963368370143
2025-07-11,0.0003874333228904
2025-07-14,0.0003773893331639
2025-07-15,0.0003581338729554
2025-07-16,0.0003596979604284
2025-07-17,0.0003654963163963
2025-07-18,0.0003494819835
2025-07-21,0.0003377908197326
2025-07-22,0.0003349294549354
2025-07-23,0.0003311019546839
2025-07-24,0.0003285516304207
2025-07-25,0.0003237107668223
2025-07-28,0.0003328401460336
2025-07-29,0.0003103742508008
2025-07-30,0.0003047580238246
2025-07-31,0.0003096972612421
2025-08-01,0.0003040943606721
2025-08-04,0.0003073730790476
2025-08-05,0.0003054981373016
2025-08-06,0.0003100114741403
2025-08-07,0.0003194978030462
2025-08-08,0.0003096271776413
2025-08-11,0.0002971411548679
2025-08-12,0.0002874192028249
2025-08-13,0.000288380315792
2025-08-14,0.0002968074204439
2025-08-15,0.00028824936383
2025-08-18,0.000290402810882
2025-08-19,0.0002825903293503
2025-08-20,0.0002731137125058
2025-08-21,0.0002677482633214
2025-08-22,0.0002689218919066
2025-08-25,0.0002726009282399
2025-08-26,0.0002753959695436
2025-08-27,0.0002747656245445
2025-08-28,0.0002721582683964
2025-08-29,0.0002734043984933
2025-09-02,0.0002641173208902
2025-09-03,0.0002596595638941
2025-09-04,0.0002536947837334
2025-09-05,0.0002541324055819
2025-09-08,0.0002524283039344
2025-09-09,0.0002516799251982
2025-09-10,0.0002458857627358
2025-09-11,0.000247083447082
2025-09-12,0.0002514177757569
2025-09-15,0.000245918230581
2025-09-16,0.0002491373372568
2025-09-17,0.0002376608134255
2025-09-18,0.0002517560517442
2025-09-19,0.0002522282652177
2025-09-22,0.0002843496734041
2025-09-23,0.0002915693936714
2025-09-24,0.0002790115794615
2025-09-25,0.0002770306835027
2025-09-26,0.0002580372774065
2025-09-29,0.0002555935483104
2025-09-30,0.0002630284894787
2025-10-01,0.0002615278601195
2025-10-02,0.0002598580854955
2025-10-03,0.0002499457468328
2025-10-06,0.0002464879845874
2025-10-07,0.0002335090795477
2025-10-08,0.0002286087400189
2025-10-09,0.0002326926860149
2025-10-10,0.0002367190658114
2025-10-13,0.0002284180936969
2025-10-14,0.0002270182424625
2025-10-15,0.0002299085743659
2025-10-16,0.0002280331204476
2025-10-17,0.000217718433991
2025-10-20,0.0002138550367144
2025-10-21,0.0002167281906166
2025-10-22,0.0002092143795046
2025-10-23,0.0002067780209843
2025-10-24,0.0002157899016792
2025-10-27,0.0002755011009144
2025-10-28,0.0002409784321136
2025-10-29,0.0002361539940752
2025-10-30,0.0002272736760152
2025-10-31,0.0002415199483378
2025-11-03,0.0002384851287727
2025-11-04,0.0002357503431673
2025-11-05,0.0002766338616675
2025-11-06,0.0002706777014394
2025-11-07,0.0002669958200907
2025-11-10,0.0002761409534234
2025-11-11,0.0002655405100085
2025-11-12,0.0002530906238035
2025-11-13,0.0002306978791075
